snapshot_date,taken_at,events_completed,division,pdga_number,name,rating,cur_rank,cur_points,p_champ,p_cut,p_gmc,p_mvp,p_mvp_qual,p_first,mean_pts,mean_rank
2026-07-04,2026-07-04T12:26:11,13,MPO,6520,John Fowler,963,343,3.0,0.0,0.0,0.0,0.0,0.0,0.0,3.0,362.9
2026-07-04,2026-07-04T12:26:11,13,MPO,8332,Simon Lizotte,1033,40,355.68,0.26499,0.14446,1.0,1.0,0.08977,0.0,666.8,39.5
2026-07-04,2026-07-04T12:26:11,13,MPO,8399,Maxime Tanghe,1005,174,20.67,0.00411,0.0,0.22219,0.00518,0.00074,0.0,133.3,116.0
2026-07-04,2026-07-04T12:26:11,13,MPO,9059,Hank Kirwan,992,448,0.0,0.0,0.0,0.0,0.0,0.0,0.0,0.0,400.1
2026-07-04,2026-07-04T12:26:11,13,MPO,11534,Nikko Locastro,1015,161,25.33,0.00848,0.0,0.13634,0.00802,0.00229,0.0,107.8,129.9
2026-07-04,2026-07-04T12:26:11,13,MPO,13864,Garrett Gurthie,1020,66,197.31,0.05529,0.00089,1.0,0.66465,0.03772,0.0,398.3,67.8
2026-07-04,2026-07-04T12:26:11,13,MPO,15857,Gregg Barsby,1026,187,16.5,0.06435,9e-05,0.67505,0.15325,0.02934,0.0,248.5,91.1
2026-07-04,2026-07-04T12:26:11,13,MPO,17295,James Conrad,1016,47,319.2,0.05197,0.00227,1.0,0.999,0.03814,0.0,491.2,57.3
2026-07-04,2026-07-04T12:26:11,13,MPO,18330,Matthew Orum,1031,44,323.1,0.21946,0.09199,1.0,0.99999,0.09124,0.0,631.5,42.8
2026-07-04,2026-07-04T12:26:11,13,MPO,18651,Shawn Barnett,967,447,0.0,0.0,0.0,0.0,0.0,0.0,0.0,0.0,411.7
2026-07-04,2026-07-04T12:26:11,13,MPO,18824,Nathan Sexton,1023,119,46.67,0.0207,0.0,0.10581,0.0056,0.00728,0.0,120.8,122.0
2026-07-04,2026-07-04T12:26:11,13,MPO,22055,Samuel Aldrich,978,246,8.0,0.0,0.0,0.0,0.0,0.0,0.0,8.0,276.1
2026-07-04,2026-07-04T12:26:11,13,MPO,24341,Cale Leiviska,1036,107,53.83,0.15399,0.00059,0.75215,0.26209,0.08996,0.0,305.2,82.0
2026-07-04,2026-07-04T12:26:11,13,MPO,24443,Micah Mariano,962,407,0.0,0.0,0.0,0.0,0.0,0.0,0.0,0.0,451.6
2026-07-04,2026-07-04T12:26:11,13,MPO,24712,Justin Bougher,996,239,8.44,0.0,0.0,0.0,0.0,0.0,0.0,8.4,271.4
2026-07-04,2026-07-04T12:26:11,13,MPO,25000,Ezra Hapner,996,209,12.0,0.0,0.0,0.0,0.0,0.0,0.0,12.0,244.2
2026-07-04,2026-07-04T12:26:11,13,MPO,27171,Paul Ulibarri,1030,28,472.06,1.0,0.38497,1.0,1.0,0.02966,0.0,768.9,30.8
2026-07-04,2026-07-04T12:26:11,13,MPO,27523,Paul McBeth,1046,81,115.0,0.49308,0.1594,1.0,0.96987,0.20713,0.0,642.5,42.3
2026-07-04,2026-07-04T12:26:11,13,MPO,27984,Christian Dietrich,1000,265,6.67,0.0,0.0,0.0,0.0,0.0,0.0,6.7,288.2
2026-07-04,2026-07-04T12:26:11,13,MPO,28198,Cody Kirkland,1011,323,4.0,0.0,0.0,0.0,0.0,0.0,0.0,4.0,343.2
2026-07-04,2026-07-04T12:26:11,13,MPO,28560,Cam Rico,1012,142,29.55,0.00384,0.0,0.11146,0.00469,0.00104,0.0,101.8,130.9
2026-07-04,2026-07-04T12:26:11,13,MPO,29812,Corey Dryden,993,332,4.0,0.0,0.0,0.0,0.0,0.0,0.0,4.0,325.2
2026-07-04,2026-07-04T12:26:11,13,MPO,31333,Spencer Stuart,980,422,0.0,0.0,0.0,0.0,0.0,0.0,0.0,0.0,390.0
2026-07-04,2026-07-04T12:26:11,13,MPO,31644,Bradley Williams,1030,27,489.33,0.54535,0.52273,1.0,1.0,0.01563,0.0,806.3,28.0
2026-07-04,2026-07-04T12:26:11,13,MPO,31818,Calvin Pettigrew,984,348,3.0,0.0,0.0,0.0,0.0,0.0,0.0,3.0,362.5
2026-07-04,2026-07-04T12:26:11,13,MPO,33705,Jeremy Koling,1019,90,88.04,0.02306,0.0,0.53395,0.02333,0.01083,0.0,199.8,97.7
2026-07-04,2026-07-04T12:26:11,13,MPO,33838,Nicholas Gill,1017,148,28.0,0.01085,0.0,0.17817,0.01171,0.00334,0.0,120.7,124.5
2026-07-04,2026-07-04T12:26:11,13,MPO,34344,Paul Oman,1023,183,18.5,0.01688,0.0,0.11987,0.01157,0.00536,0.0,98.2,139.5
2026-07-04,2026-07-04T12:26:11,13,MPO,35070,Knut Valen Håland,1002,134,38.0,0.00037,0.0,0.0014,1e-05,0.0,0.0,52.2,159.5
2026-07-04,2026-07-04T12:26:11,13,MPO,35187,Dustin Keegan,1022,120,46.67,0.0,0.0,0.0,0.0,0.0,0.0,46.7,162.6
2026-07-04,2026-07-04T12:26:11,13,MPO,35449,Aaron Gossage,1040,14,679.08,0.99889,0.99889,1.0,1.0,0.0,0.0,1085.8,13.4
2026-07-04,2026-07-04T12:26:11,13,MPO,35695,Cory Eary,930,406,0.0,0.0,0.0,0.0,0.0,0.0,0.0,0.0,455.7
2026-07-04,2026-07-04T12:26:11,13,MPO,35798,Shane Anderson,994,331,4.0,2e-05,0.0,0.00107,0.0,0.0,0.0,11.3,270.2
2026-07-04,2026-07-04T12:26:11,13,MPO,35876,Colten Montgomery,1003,87,96.58,0.00292,0.0,0.57877,0.01046,0.00084,0.0,182.3,100.8
2026-07-04,2026-07-04T12:26:11,13,MPO,37817,Eagle McMahon,1040,8,842.08,1.0,1.0,1.0,1.0,0.0,0.0,1156.5,11.1
2026-07-04,2026-07-04T12:26:11,13,MPO,38008,Richard Wysocki,1046,2,1296.33,1.0,1.0,1.0,1.0,0.0,9e-05,1698.2,2.8
2026-07-04,2026-07-04T12:26:11,13,MPO,38160,David Fielding,949,462,0.0,0.0,0.0,0.0,0.0,0.0,0.0,0.0,396.6
2026-07-04,2026-07-04T12:26:11,13,MPO,38464,Scott Withers,1025,156,26.33,0.0,0.0,0.0,0.0,0.0,0.0,26.3,197.2
2026-07-04,2026-07-04T12:26:11,13,MPO,38631,Zach Melton,990,169,23.0,0.00017,0.0,0.0056,1e-05,0.0,0.0,56.7,155.7
2026-07-04,2026-07-04T12:26:11,13,MPO,39015,Benjamin Callaway,1019,194,14.71,0.00577,0.0,0.07317,0.00475,0.00196,0.0,77.1,151.7
2026-07-04,2026-07-04T12:26:11,13,MPO,39491,Parker Welck,1030,32,457.54,0.37219,0.32059,1.0,1.0,0.0394,0.0,749.3,32.3
2026-07-04,2026-07-04T12:26:11,13,MPO,41150,Nick Fornek,977,402,0.0,0.0,0.0,0.0,0.0,0.0,0.0,0.0,457.2
2026-07-04,2026-07-04T12:26:11,13,MPO,41760,Kevin Jones,1012,98,71.16,0.01083,0.0,0.59113,0.03576,0.00403,0.0,198.4,98.1
2026-07-04,2026-07-04T12:26:11,13,MPO,41884,Øyvind Jarnes,1022,164,24.3,0.01649,0.0,0.08735,0.00408,0.00517,0.0,109.1,128.1
2026-07-04,2026-07-04T12:26:11,13,MPO,43210,Logan Weiss,991,280,5.5,0.0,0.0,0.0,0.0,0.0,0.0,5.5,304.4
2026-07-04,2026-07-04T12:26:11,13,MPO,43762,Jake Hebenheimer,1021,56,267.93,0.07975,0.00412,1.0,0.9738,0.05693,0.0,485.3,58.0
2026-07-04,2026-07-04T12:26:11,13,MPO,43834,John Jones,995,240,8.4,0.00021,0.0,0.00123,0.0,0.0,0.0,30.1,197.3
2026-07-04,2026-07-04T12:26:11,13,MPO,44382,Anthony Barela,1042,6,982.72,1.0,1.0,1.0,1.0,0.0,0.0,1383.9,6.5
2026-07-04,2026-07-04T12:26:11,13,MPO,44458,Billy Engel,990,379,0.0,0.0,0.0,0.0,0.0,0.0,0.0,0.0,431.5
2026-07-04,2026-07-04T12:26:11,13,MPO,44512,Corey Ellis,1032,30,469.83,0.54535,0.51682,1.0,1.0,0.02182,0.0,806.5,28.2
2026-07-04,2026-07-04T12:26:11,13,MPO,44800,Nate Corder,992,197,14.33,0.00014,0.0,0.00103,0.0,0.0,0.0,33.3,188.8
2026-07-04,2026-07-04T12:26:11,13,MPO,44919,Isaac Heinen,993,284,5.4,0.0,0.0,0.0,0.0,0.0,0.0,5.4,305.8
2026-07-04,2026-07-04T12:26:11,13,MPO,45319,Justin J-Roc Liddell,978,322,4.0,0.0,0.0,0.0,0.0,0.0,0.0,4.0,342.4
2026-07-04,2026-07-04T12:26:11,13,MPO,45971,Calvin Heimburg,1051,3,1234.75,1.0,1.0,1.0,1.0,0.0,0.00018,1703.5,2.8
2026-07-04,2026-07-04T12:26:11,13,MPO,46192,Xaelen Nash,1022,207,12.0,0.00398,0.0,0.04953,0.00372,0.00169,0.0,54.3,180.6
2026-07-04,2026-07-04T12:26:11,13,MPO,46234,Brian Dudney,989,374,0.0,0.0,0.0,0.0,0.0,0.0,0.0,0.0,436.5
2026-07-04,2026-07-04T12:26:11,13,MPO,46920,John Ryan III,995,289,5.33,0.00017,0.0,0.00296,1e-05,0.0,0.0,24.9,214.1
2026-07-04,2026-07-04T12:26:11,13,MPO,47136,Tony Moe Reiss,1014,173,21.33,0.00083,0.0,0.02555,0.00088,0.00025,0.0,46.8,176.8
2026-07-04,2026-07-04T12:26:11,13,MPO,47472,Emerson Keith,1027,126,42.33,0.01329,0.0,0.13508,0.01627,0.00851,0.0,105.9,133.9
2026-07-04,2026-07-04T12:26:11,13,MPO,47662,Landon Knight,986,317,4.0,0.0,0.0,0.0,0.0,0.0,0.0,4.0,337.6
2026-07-04,2026-07-04T12:26:11,13,MPO,48125,Ian Krajna,1015,105,61.83,0.0,0.0,0.0,0.0,0.0,0.0,61.8,146.9
2026-07-04,2026-07-04T12:26:11,13,MPO,48346,Drew Gibson,1022,95,73.33,0.00879,0.0,0.15078,0.01468,0.00576,0.0,126.6,119.5
2026-07-04,2026-07-04T12:26:11,13,MPO,48950,Matt Bell,1017,97,72.04,0.01332,0.0,0.37654,0.0296,0.00694,0.0,174.8,104.9
2026-07-04,2026-07-04T12:26:11,13,MPO,49865,Maximus Meyer,999,146,28.66,0.0,0.0,0.0,0.0,0.0,0.0,28.7,192.4
2026-07-04,2026-07-04T12:26:11,13,MPO,49885,G.T. Hancock,1028,129,41.33,0.01588,0.0,0.14367,0.01901,0.01028,0.0,109.1,133.3
2026-07-04,2026-07-04T12:26:11,13,MPO,50401,Chris Clemons,1015,84,108.3,0.01823,3e-05,0.95065,0.12327,0.0081,0.0,257.1,86.5
2026-07-04,2026-07-04T12:26:11,13,MPO,50670,Isaac Robinson,1047,4,1137.09,1.0,1.0,1.0,1.0,0.0,0.0,1527.1,4.5
2026-07-04,2026-07-04T12:26:11,13,MPO,50671,Ezra Robinson,1038,11,783.84,1.0,1.0,1.0,1.0,0.0,0.0,1142.7,11.5
2026-07-04,2026-07-04T12:26:11,13,MPO,50760,Luis Gonzalez,964,399,0.0,0.0,0.0,0.0,0.0,0.0,0.0,0.0,460.2
2026-07-04,2026-07-04T12:26:11,13,MPO,51685,Randon Latta,997,254,7.0,8e-05,0.0,0.00192,4e-05,0.0,0.0,15.7,243.9
2026-07-04,2026-07-04T12:26:11,13,MPO,52488,Niko Rättyä,974,370,2.0,1e-05,0.0,0.0,0.0,0.0,0.0,19.3,218.7
2026-07-04,2026-07-04T12:26:11,13,MPO,52785,Jacob Blair,1008,89,90.26,0.00861,0.0,0.93401,0.06841,0.00277,0.0,233.1,90.3
2026-07-04,2026-07-04T12:26:11,13,MPO,53538,Ville Ahokas,1009,256,7.0,0.0016,0.0,0.00115,2e-05,2e-05,0.0,35.6,188.5
2026-07-04,2026-07-04T12:26:11,13,MPO,53558,Abrahan Bahena,1009,215,11.5,0.0,0.0,0.0,0.0,0.0,0.0,11.5,248.9
2026-07-04,2026-07-04T12:26:11,13,MPO,53565,Eric Oakley,1004,143,29.53,0.0009,0.0,0.00095,0.0,0.0,0.0,43.7,169.7
2026-07-04,2026-07-04T12:26:11,13,MPO,53839,Martin Evans,977,287,5.33,0.0,0.0,0.0,0.0,0.0,0.0,5.3,310.2
2026-07-04,2026-07-04T12:26:11,13,MPO,54049,Austin Turner,1028,26,490.07,0.31864,0.27342,1.0,1.0,0.03506,0.0,737.7,33.1
2026-07-04,2026-07-04T12:26:11,13,MPO,54111,Tobias Söderqvist,995,360,3.0,0.0,0.0,0.0,0.0,0.0,0.0,3.0,352.0
2026-07-04,2026-07-04T12:26:11,13,MPO,54879,Justin Merryman,957,390,0.0,0.0,0.0,0.0,0.0,0.0,0.0,0.0,421.1
2026-07-04,2026-07-04T12:26:11,13,MPO,55820,Brandon McNew,966,449,0.0,0.0,0.0,0.0,0.0,0.0,0.0,0.0,407.6
2026-07-04,2026-07-04T12:26:11,13,MPO,56016,Thunder Schultz,1010,225,10.0,0.0,0.0,0.0,0.0,0.0,0.0,10.0,259.5
2026-07-04,2026-07-04T12:26:11,13,MPO,56037,Joshua Patin,1007,253,7.33,0.0,0.0,0.0,0.0,0.0,0.0,7.3,281.0
2026-07-04,2026-07-04T12:26:11,13,MPO,56511,Jacob Courtis,999,85,102.99,0.00029,0.0,0.03844,0.00047,0.00021,0.0,121.5,117.2
2026-07-04,2026-07-04T12:26:11,13,MPO,56555,Noah Meintsma,1028,64,219.77,0.10601,0.00223,1.0,0.71186,0.07447,0.0,422.5,65.1
2026-07-04,2026-07-04T12:26:11,13,MPO,56579,Anthony Anselmo,1044,147,28.0,0.10395,0.0,0.16042,0.04133,0.06681,0.0,151.6,123.0
2026-07-04,2026-07-04T12:26:11,13,MPO,56886,Marshall Blanks,989,285,5.33,0.0,0.0,0.0,0.0,0.0,0.0,5.3,309.8
2026-07-04,2026-07-04T12:26:11,13,MPO,57365,Adam Hammes,1039,5,1086.33,1.0,1.0,1.0,1.0,0.0,0.0,1423.3,5.8
2026-07-04,2026-07-04T12:26:11,13,MPO,57366,Emile Barbe,992,362,3.0,4e-05,0.0,3e-05,0.0,0.0,0.0,12.5,259.5
2026-07-04,2026-07-04T12:26:11,13,MPO,57425,Sias Elmore,1006,238,8.44,0.00024,0.0,0.00731,0.00015,2e-05,0.0,23.8,221.3
2026-07-04,2026-07-04T12:26:11,13,MPO,57544,Zane Letts,1019,124,44.0,0.0,0.0,0.0,0.0,0.0,0.0,44.0,167.4
2026-07-04,2026-07-04T12:26:11,13,MPO,58923,Jesse Nieminen,1029,24,508.17,0.57825,0.56511,1.0,1.0,0.0094,0.0,815.9,27.3
2026-07-04,2026-07-04T12:26:11,13,MPO,58926,Joona Heinänen,1025,63,234.5,0.06068,0.00041,1.0,0.51234,0.04553,0.0,372.2,70.8
2026-07-04,2026-07-04T12:26:11,13,MPO,59419,Luke Samson,1014,76,140.27,0.01679,0.0,0.99975,0.16798,0.00852,0.0,276.8,83.0
2026-07-04,2026-07-04T12:26:11,13,MPO,59613,Alan Marshall,954,410,0.0,0.0,0.0,0.0,0.0,0.0,0.0,0.0,434.4
2026-07-04,2026-07-04T12:26:11,13,MPO,59635,Väinö Mäkelä,1031,39,386.62,0.32463,0.2386,1.0,1.0,0.05627,0.0,718.3,34.9
2026-07-04,2026-07-04T12:26:11,13,MPO,59769,Henric Hagman,1012,338,4.0,0.00192,0.0,0.02577,0.00104,0.00021,0.0,47.5,182.5
2026-07-04,2026-07-04T12:26:11,13,MPO,60259,Harper Thompson,1026,52,285.19,0.15874,0.04788,1.0,0.99978,0.0728,0.0,593.7,46.4
2026-07-04,2026-07-04T12:26:11,13,MPO,60331,Gavin Ossenkop,995,382,0.0,0.0,0.0,0.0,0.0,0.0,0.0,0.0,429.1
2026-07-04,2026-07-04T12:26:11,13,MPO,60436,Gavin Rathbun,1022,199,14.0,0.0,0.0,0.0,0.0,0.0,0.0,14.0,233.3
2026-07-04,2026-07-04T12:26:11,13,MPO,60667,Jake Shelby,966,425,0.0,0.0,0.0,0.0,0.0,0.0,0.0,0.0,387.1
2026-07-04,2026-07-04T12:26:11,13,MPO,61218,Miguel Alvarado,997,424,0.0,0.0,0.0,0.0,0.0,0.0,0.0,0.0,383.7
2026-07-04,2026-07-04T12:26:11,13,MPO,61722,Zack Wysocki,999,154,27.0,0.00023,0.0,0.00203,2e-05,0.0,0.0,40.4,175.3
2026-07-04,2026-07-04T12:26:11,13,MPO,61977,Chad Sherbert,1008,242,8.0,0.0,0.0,0.0,0.0,0.0,0.0,8.0,275.5
2026-07-04,2026-07-04T12:26:11,13,MPO,62467,Chris Dickerson,1037,25,502.5,0.81358,0.80614,1.0,1.0,0.00568,0.0,901.4,22.1
2026-07-04,2026-07-04T12:26:11,13,MPO,63765,Andrew Presnell,1027,71,146.0,0.06484,0.00046,0.99942,0.36897,0.04536,0.0,337.8,75.4
2026-07-04,2026-07-04T12:26:11,13,MPO,64554,Adrian Zapata,974,316,4.0,0.0,0.0,0.0,0.0,0.0,0.0,4.0,338.2
2026-07-04,2026-07-04T12:26:11,13,MPO,64917,Luukas Rokkanen,1008,128,41.5,0.00265,0.0,0.03386,0.0004,0.00047,0.0,90.9,131.9
2026-07-04,2026-07-04T12:26:11,13,MPO,65266,Zach Arlinghaus,1022,49,305.59,0.08822,0.00868,1.0,0.99892,0.06015,0.0,522.2,53.9
2026-07-04,2026-07-04T12:26:11,13,MPO,65488,Alex Berg,984,216,11.33,1e-05,0.0,2e-05,0.0,0.0,0.0,26.8,200.0
2026-07-04,2026-07-04T12:26:11,13,MPO,65504,Tom Corella,953,461,0.0,0.0,0.0,0.0,0.0,0.0,0.0,0.0,398.1
2026-07-04,2026-07-04T12:26:11,13,MPO,65766,Tim Denna,1003,170,22.67,0.0,0.0,0.0,0.0,0.0,0.0,22.7,208.4
2026-07-04,2026-07-04T12:26:11,13,MPO,66855,Michael Williamson,1003,311,4.0,0.0,0.0,0.0,0.0,0.0,0.0,4.0,331.6
2026-07-04,2026-07-04T12:26:11,13,MPO,67172,Trevon Crowe,1002,114,49.66,0.00152,0.0,0.09223,0.00133,0.00025,0.0,108.9,123.5
2026-07-04,2026-07-04T12:26:11,13,MPO,68103,Jared Stoll,995,188,15.6,0.00012,0.0,0.00159,1e-05,0.0,0.0,36.9,182.7
2026-07-04,2026-07-04T12:26:11,13,MPO,68237,Jakub Knápek,1033,91,87.0,0.12331,0.00081,0.92371,0.33889,0.07753,0.0,333.5,76.7
2026-07-04,2026-07-04T12:26:11,13,MPO,68286,Nathan Queen,1023,72,145.5,0.06306,0.00066,1.0,0.49809,0.03871,0.0,366.0,71.8
2026-07-04,2026-07-04T12:26:11,13,MPO,68357,Jesse Bickley,1001,421,0.0,0.0,0.0,0.0,0.0,0.0,0.0,0.0,389.7
2026-07-04,2026-07-04T12:26:11,13,MPO,68481,Scott Adams,997,355,3.0,0.0,0.0,0.0,0.0,0.0,0.0,3.0,360.8
2026-07-04,2026-07-04T12:26:11,13,MPO,68815,Jamie Kiep,1018,115,49.21,0.00287,0.0,0.06866,0.00402,0.00159,0.0,84.9,139.0
2026-07-04,2026-07-04T12:26:11,13,MPO,68986,Emmanuel Torres,1023,106,54.89,0.00783,0.0,0.11807,0.01117,0.005,0.0,106.4,129.7
2026-07-04,2026-07-04T12:26:11,13,MPO,69287,Jeffrey Korns,960,391,0.0,0.0,0.0,0.0,0.0,0.0,0.0,0.0,420.1
2026-07-04,2026-07-04T12:26:11,13,MPO,69424,Luke Humphries,1010,55,279.38,0.02593,5e-05,1.0,0.89543,0.01979,0.0,407.8,66.8
2026-07-04,2026-07-04T12:26:11,13,MPO,69509,Joel Freeman,1038,54,280.5,0.30027,0.07364,1.0,0.99932,0.15604,0.0,621.2,43.7
2026-07-04,2026-07-04T12:26:11,13,MPO,71872,Tyler Schrock,990,383,0.0,0.0,0.0,0.0,0.0,0.0,0.0,0.0,427.6
2026-07-04,2026-07-04T12:26:11,13,MPO,72576,Peter Lunde,1025,251,7.8,0.00713,0.0,0.00494,0.0004,0.00092,0.0,42.4,185.3
2026-07-04,2026-07-04T12:26:11,13,MPO,72844,Mason Ford,1038,59,250.83,0.35412,0.16562,1.0,0.99852,0.12786,0.0,663.6,40.1
2026-07-04,2026-07-04T12:26:11,13,MPO,73855,Joseph Carey,989,206,12.33,0.0,0.0,0.0,0.0,0.0,0.0,12.3,240.9
2026-07-04,2026-07-04T12:26:11,13,MPO,74221,Logan Riding,1005,144,28.67,0.0,0.0,0.0,0.0,0.0,0.0,28.7,191.3
2026-07-04,2026-07-04T12:26:11,13,MPO,74465,Gideon Drake,994,295,5.0,6e-05,0.0,0.00044,0.0,0.0,0.0,15.8,243.4
2026-07-04,2026-07-04T12:26:11,13,MPO,74569,Håkon Kveseth,996,368,2.0,0.0,0.0,0.0,0.0,0.0,0.0,2.0,371.4
2026-07-04,2026-07-04T12:26:11,13,MPO,74823,Trevor Dominy,999,310,4.0,3e-05,0.0,0.00243,2e-05,0.0,0.0,13.8,261.8
2026-07-04,2026-07-04T12:26:11,13,MPO,75178,Jimmy Martinez,1000,261,6.67,0.0,0.0,0.0,0.0,0.0,0.0,6.7,287.3
2026-07-04,2026-07-04T12:26:11,13,MPO,75412,Gannon Buhr,1062,1,1820.45,1.0,1.0,1.0,1.0,0.0,0.99972,2289.7,1.0
2026-07-04,2026-07-04T12:26:11,13,MPO,75444,Maico Rimmel,1020,77,123.2,0.02242,0.0,0.87398,0.04385,0.01217,0.0,229.7,91.0
2026-07-04,2026-07-04T12:26:11,13,MPO,75590,Andrew Marwede,1038,23,537.83,0.83224,0.82595,1.0,1.0,0.00492,0.0,907.3,21.8
2026-07-04,2026-07-04T12:26:11,13,MPO,76456,Daniel Davidsson,1034,73,143.0,0.15536,0.00293,0.99993,0.59349,0.10397,0.0,406.8,67.1
2026-07-04,2026-07-04T12:26:11,13,MPO,76505,Ricky Meadows,973,436,0.0,0.0,0.0,0.0,0.0,0.0,0.0,0.0,376.6
2026-07-04,2026-07-04T12:26:11,13,MPO,76669,Albert Tamm,1019,41,349.66,0.08483,0.02366,1.0,1.0,0.04263,0.0,582.8,47.3
2026-07-04,2026-07-04T12:26:11,13,MPO,76846,Logan Plake,1007,136,35.0,0.00114,0.0,0.01008,0.00014,0.00011,0.0,69.1,145.4
2026-07-04,2026-07-04T12:26:11,13,MPO,77274,tom shanley,983,367,2.0,0.0,0.0,0.0,0.0,0.0,0.0,2.0,371.6
2026-07-04,2026-07-04T12:26:11,13,MPO,77387,Eric Downing,986,313,4.0,0.0,0.0,0.0,0.0,0.0,0.0,4.2,333.2
2026-07-04,2026-07-04T12:26:11,13,MPO,77589,Florian Lingenhel,1005,276,6.0,0.00031,0.0,0.0002,0.0,0.0,0.0,21.7,222.6
2026-07-04,2026-07-04T12:26:11,13,MPO,77821,Ian Fredrickson,1004,244,8.0,0.0,0.0,0.0,0.0,0.0,0.0,8.0,275.8
2026-07-04,2026-07-04T12:26:11,13,MPO,78108,Brian Johnson,985,444,0.0,0.0,0.0,0.0,0.0,0.0,0.0,0.0,415.0
2026-07-04,2026-07-04T12:26:11,13,MPO,78268,Charlie Moore,1005,372,0.0,0.0001,0.0,0.00475,8e-05,1e-05,0.0,14.2,290.6
2026-07-04,2026-07-04T12:26:11,13,MPO,78697,Chris Nelson,1019,413,0.0,0.0,0.0,0.0,0.0,0.0,0.0,0.0,447.0
2026-07-04,2026-07-04T12:26:11,13,MPO,78817,Sullivan Tipton,1042,10,813.07,1.0,1.0,1.0,1.0,0.0,0.0,1218.9,9.6
2026-07-04,2026-07-04T12:26:11,13,MPO,79004,Elias Gripler,1012,131,38.8,0.00469,0.0,0.05104,0.00083,0.00099,0.0,96.7,130.1
2026-07-04,2026-07-04T12:26:11,13,MPO,79047,Silas Schultz,1033,18,615.65,0.94274,0.94257,1.0,1.0,0.00014,0.0,947.6,19.3
2026-07-04,2026-07-04T12:26:11,13,MPO,79748,Cole Redalen,1034,22,541.62,1.0,0.78012,1.0,1.0,0.00436,0.0,882.6,23.1
2026-07-04,2026-07-04T12:26:11,13,MPO,79859,Morten Brenna,1008,141,31.0,0.00079,0.0,0.00185,3e-05,5e-05,0.0,49.0,164.5
2026-07-04,2026-07-04T12:26:11,13,MPO,80054,Simon Crosby,1002,203,13.33,0.0,0.0,0.0,0.0,0.0,0.0,13.3,236.8
2026-07-04,2026-07-04T12:26:11,13,MPO,80091,Tenor Bowden,980,438,0.0,0.0,0.0,0.0,0.0,0.0,0.0,0.0,375.1
2026-07-04,2026-07-04T12:26:11,13,MPO,80331,Gavin Babcock,1037,9,827.11,1.0,1.0,1.0,1.0,0.0,0.0,1168.7,10.8
2026-07-04,2026-07-04T12:26:11,13,MPO,80347,Brendan Orwig,975,352,3.0,0.0,0.0,0.0,0.0,0.0,0.0,3.0,360.5
2026-07-04,2026-07-04T12:26:11,13,MPO,80554,Blær Örn Ásgeirsson,1004,282,5.5,0.00031,0.0,0.00025,0.0,2e-05,0.0,20.6,226.3
2026-07-04,2026-07-04T12:26:11,13,MPO,80904,Thomas Tomaselli,1003,288,5.33,7e-05,0.0,0.00367,5e-05,0.0,0.0,17.8,244.6
2026-07-04,2026-07-04T12:26:11,13,MPO,80907,Ryan Vincent,998,395,0.0,0.0,0.0,0.0,0.0,0.0,0.0,0.0,443.1
2026-07-04,2026-07-04T12:26:11,13,MPO,80974,Severi Saviniemi,1010,191,15.2,0.00296,0.0,0.01416,0.00019,0.00025,0.0,65.6,151.7
2026-07-04,2026-07-04T12:26:11,13,MPO,81376,Melker Molin,973,369,2.0,0.0,0.0,0.0,0.0,0.0,0.0,7.0,295.8
2026-07-04,2026-07-04T12:26:11,13,MPO,81739,Casey White,1033,13,683.83,0.99139,0.99139,1.0,1.0,0.0,0.0,1006.1,16.5
2026-07-04,2026-07-04T12:26:11,13,MPO,81781,Matt Hammersten,1016,201,13.5,0.0,0.0,0.0,0.0,0.0,0.0,13.5,234.9
2026-07-04,2026-07-04T12:26:11,13,MPO,82098,Linus Carlsson,1017,112,51.5,0.0143,0.0,0.33251,0.02253,0.006,0.0,164.8,107.6
2026-07-04,2026-07-04T12:26:11,13,MPO,82297,Lauri Lehtinen,1038,57,259.25,0.28654,0.05008,1.0,0.99331,0.16546,0.0,586.3,47.3
2026-07-04,2026-07-04T12:26:11,13,MPO,82562,Aapo Karhi,1004,179,20.0,0.00074,0.0,0.00106,0.0,0.0,0.0,44.8,169.8
2026-07-04,2026-07-04T12:26:11,13,MPO,83848,Landon Brooks,1002,354,3.0,0.0,0.0,0.0,0.0,0.0,0.0,3.0,359.2
2026-07-04,2026-07-04T12:26:11,13,MPO,85132,Kyle Klein,1041,21,569.06,0.9572,0.95666,1.0,1.0,0.00039,0.0,999.7,17.1
2026-07-04,2026-07-04T12:26:11,13,MPO,86443,Noah Baker,1010,286,5.33,0.0,0.0,0.0,0.0,0.0,0.0,5.3,310.0
2026-07-04,2026-07-04T12:26:11,13,MPO,86957,Snorri Guðröðarson,959,450,0.0,0.0,0.0,0.0,0.0,0.0,0.0,0.0,409.0
2026-07-04,2026-07-04T12:26:11,13,MPO,87143,Bo McLaughlin,1016,75,141.12,0.0143,0.0,0.98403,0.09965,0.00904,0.0,250.4,87.4
2026-07-04,2026-07-04T12:26:11,13,MPO,87267,Michael Arauza,993,263,6.67,0.0,0.0,0.0,0.0,0.0,0.0,6.7,287.7
2026-07-04,2026-07-04T12:26:11,13,MPO,87673,Brandon Brown,1015,133,38.43,0.00672,0.0,0.0601,0.0016,0.00127,0.0,92.1,134.0
2026-07-04,2026-07-04T12:26:11,13,MPO,87790,Stanislaus Amann,1002,227,10.0,0.0,0.0,0.0,0.0,0.0,0.0,10.0,259.8
2026-07-04,2026-07-04T12:26:11,13,MPO,87964,Samuel Hänninen,1002,177,20.17,0.00092,0.0,0.00557,2e-05,2e-05,0.0,58.1,155.8
2026-07-04,2026-07-04T12:26:11,13,MPO,88212,Raven Newsom,1029,17,627.68,0.76266,0.76121,1.0,1.0,0.00143,0.0,863.4,24.0
2026-07-04,2026-07-04T12:26:11,13,MPO,88278,Tyler Ahrens,961,452,0.0,0.0,0.0,0.0,0.0,0.0,0.0,0.0,406.9
2026-07-04,2026-07-04T12:26:11,13,MPO,89184,Rienk Kan,997,300,4.2,0.00015,0.0,9e-05,0.0,0.0,0.0,15.7,243.1
2026-07-04,2026-07-04T12:26:11,13,MPO,89394,Evan Scott,1026,37,399.82,0.19142,0.11247,1.0,1.0,0.05669,0.0,660.1,39.9
2026-07-04,2026-07-04T12:26:11,13,MPO,89460,Wyatt Mahoney,1023,102,65.67,0.03423,1e-05,0.4898,0.05998,0.01757,0.0,205.1,98.3
2026-07-04,2026-07-04T12:26:11,13,MPO,89542,Taylor Coulam,983,330,4.0,0.0,0.0,0.0,0.0,0.0,0.0,4.0,327.4
2026-07-04,2026-07-04T12:26:11,13,MPO,89959,Ty Love,1023,51,293.83,0.09747,0.0104,1.0,0.99711,0.06497,0.0,522.6,53.9
2026-07-04,2026-07-04T12:26:11,13,MPO,90439,Lucas Oberholtzer Hess,1014,157,26.33,0.01187,0.0,0.32915,0.02054,0.00374,0.0,156.2,110.6
2026-07-04,2026-07-04T12:26:11,13,MPO,90461,Nolan Ramser,1004,235,9.0,0.0,0.0,0.0,0.0,0.0,0.0,9.9,262.5
2026-07-04,2026-07-04T12:26:11,13,MPO,90585,Jasper Tyll,990,346,3.0,0.0,0.0,0.0,0.0,0.0,0.0,3.0,361.8
2026-07-04,2026-07-04T12:26:11,13,MPO,90740,Mats-Eerik Tõhk,1000,278,6.0,0.0,0.0,0.0,0.0,0.0,0.0,6.0,299.4
2026-07-04,2026-07-04T12:26:11,13,MPO,91134,Phillip Raschkow,955,453,0.0,0.0,0.0,0.0,0.0,0.0,0.0,0.0,415.7
2026-07-04,2026-07-04T12:26:11,13,MPO,91175,Max Ringbom,998,152,27.17,0.00056,0.0,0.00409,1e-05,1e-05,0.0,60.5,152.1
2026-07-04,2026-07-04T12:26:11,13,MPO,91249,Niklas Anttila,1047,7,880.09,1.0,1.0,1.0,1.0,0.0,1e-05,1414.9,6.0
2026-07-04,2026-07-04T12:26:11,13,MPO,91397,Clay Edwards,1020,38,395.57,0.0842,0.02085,1.0,1.0,0.04706,0.0,582.5,47.3
2026-07-04,2026-07-04T12:26:11,13,MPO,91543,Miles Sayer,1012,101,67.1,0.00744,0.0,0.39466,0.0204,0.00343,0.0,172.3,104.6
2026-07-04,2026-07-04T12:26:11,13,MPO,91925,Jakub Semerád,1028,34,409.5,0.21805,0.13089,1.0,1.0,0.06167,0.0,675.2,38.5
2026-07-04,2026-07-04T12:26:11,13,MPO,92426,Jarod O'Brien,1008,202,13.33,0.00123,0.0,0.01098,8e-05,0.00011,0.0,49.8,169.7
2026-07-04,2026-07-04T12:26:11,13,MPO,92655,Shade Harrison,974,456,0.0,0.0,0.0,0.0,0.0,0.0,0.0,0.0,403.0
2026-07-04,2026-07-04T12:26:11,13,MPO,93197,Chris Runyan,987,393,0.0,0.0,0.0,0.0,0.0,0.0,0.0,0.0,441.5
2026-07-04,2026-07-04T12:26:11,13,MPO,93274,James Bennett,978,303,4.0,0.0,0.0,0.0,0.0,0.0,0.0,4.0,328.0
2026-07-04,2026-07-04T12:26:11,13,MPO,94844,Elijah Bickel,1021,48,310.84,0.0812,0.00905,1.0,0.99932,0.05434,0.0,524.0,53.7
2026-07-04,2026-07-04T12:26:11,13,MPO,94872,Joni Peltonen,1018,247,8.0,0.00491,0.0,0.00353,0.00017,0.00037,0.0,45.4,175.6
2026-07-04,2026-07-04T12:26:11,13,MPO,95050,Josef Berg,1004,339,3.25,0.0,0.0,0.0,0.0,0.0,0.0,3.2,348.9
2026-07-04,2026-07-04T12:26:11,13,MPO,95645,Espen Normann Paulsen,981,249,8.0,2e-05,0.0,1e-05,0.0,0.0,0.0,14.4,238.1
2026-07-04,2026-07-04T12:26:11,13,MPO,96512,Robert Burridge,1026,36,404.16,0.15469,0.06428,1.0,1.0,0.06716,0.0,627.6,42.9
2026-07-04,2026-07-04T12:26:11,13,MPO,96832,Aidan Guthrie,991,327,4.0,0.00022,0.0,0.00053,0.0,0.0,0.0,22.3,216.0
2026-07-04,2026-07-04T12:26:11,13,MPO,98091,Alden Harris,1022,62,237.67,0.07329,0.00167,1.0,0.84276,0.05394,0.0,434.6,63.7
2026-07-04,2026-07-04T12:26:11,13,MPO,98130,Dennis Augustsson,1017,130,40.2,0.01298,1e-05,0.26305,0.01737,0.00538,0.0,149.4,112.6
2026-07-04,2026-07-04T12:26:11,13,MPO,98161,Justin Rosak,994,200,14.0,0.0001,0.0,0.0025,2e-05,0.0,0.0,32.5,190.8
2026-07-04,2026-07-04T12:26:11,13,MPO,98558,Daniel Pfaff,1007,122,44.67,0.0,0.0,0.0,0.0,0.0,0.0,44.7,165.7
2026-07-04,2026-07-04T12:26:11,13,MPO,98722,Jake Monn,1030,20,584.96,0.69617,0.691,1.0,1.0,0.00408,0.0,846.6,25.2
2026-07-04,2026-07-04T12:26:11,13,MPO,99153,Noah Fiveash,967,193,15.0,0.0,0.0,0.0,0.0,0.0,0.0,15.0,228.2
2026-07-04,2026-07-04T12:26:11,13,MPO,99246,Aidan Scott,1024,151,27.5,0.01655,0.0,0.19556,0.02217,0.00852,0.0,125.2,126.6
2026-07-04,2026-07-04T12:26:11,13,MPO,99462,Jon Lynn,991,237,8.67,0.0,0.0,0.0,0.0,0.0,0.0,8.7,270.2
2026-07-04,2026-07-04T12:26:11,13,MPO,99648,Connor O'Reilly,1009,80,115.89,0.00663,0.0,0.8587,0.02384,0.00247,0.0,209.8,94.4
2026-07-04,2026-07-04T12:26:11,13,MPO,99832,Bill Kirk,928,320,4.0,0.0,0.0,0.0,0.0,0.0,0.0,4.0,340.6
2026-07-04,2026-07-04T12:26:11,13,MPO,99835,Conor Dannis,998,428,0.0,0.0,0.0,0.0,0.0,0.0,0.0,0.0,384.1
2026-07-04,2026-07-04T12:26:11,13,MPO,100497,Fredy Meza,1018,96,72.98,0.01016,0.0,0.26722,0.0204,0.00599,0.0,154.6,110.4
2026-07-04,2026-07-04T12:26:11,13,MPO,100708,Blake Poland,1018,166,23.9,0.0,0.0,0.0,0.0,0.0,0.0,23.9,204.4
2026-07-04,2026-07-04T12:26:11,13,MPO,100818,Joey Temali,997,79,118.5,0.0009,0.0,0.41495,0.00132,0.00011,0.0,164.6,104.7
2026-07-04,2026-07-04T12:26:11,13,MPO,101197,Zachary Nash,1033,19,611.75,0.92581,0.92556,1.0,1.0,0.00021,0.0,943.9,19.6
2026-07-04,2026-07-04T12:26:11,13,MPO,101574,Evan Smith,1040,35,405.67,0.33471,0.18011,1.0,1.0,0.13597,0.0,685.2,37.8
2026-07-04,2026-07-04T12:26:11,13,MPO,101609,Ture Valtonen,992,233,9.2,7e-05,0.0,4e-05,0.0,0.0,0.0,18.7,223.2
2026-07-04,2026-07-04T12:26:11,13,MPO,101781,Daniel Glass,975,437,0.0,0.0,0.0,0.0,0.0,0.0,0.0,0.0,375.3
2026-07-04,2026-07-04T12:26:11,13,MPO,101944,Caleb Bruce,1010,298,4.33,0.00129,0.0,0.02651,0.00074,0.0003,0.0,47.6,182.5
2026-07-04,2026-07-04T12:26:11,13,MPO,102051,Gustav Dahlén,1009,281,5.5,0.0009,0.0,0.00051,0.0,2e-05,0.0,23.9,218.5
2026-07-04,2026-07-04T12:26:11,13,MPO,102119,Luke Taylor,1034,12,773.68,0.99981,0.99981,1.0,1.0,0.0,0.0,1049.5,14.6
2026-07-04,2026-07-04T12:26:11,13,MPO,102180,Henry Thoma,983,334,4.0,0.0,0.0,0.0,0.0,0.0,0.0,4.0,323.4
2026-07-04,2026-07-04T12:26:11,13,MPO,102252,Caleb Joiner,999,329,4.0,0.0,0.0,0.0,0.0,0.0,0.0,4.0,329.1
2026-07-04,2026-07-04T12:26:11,13,MPO,102591,Isaiah Oliver,1005,165,24.23,0.0,0.0,0.0,0.0,0.0,0.0,24.2,202.5
2026-07-04,2026-07-04T12:26:11,13,MPO,103114,Mathias Villota,1027,149,28.0,0.01618,0.0,0.0216,0.00159,0.00448,0.0,82.8,140.9
2026-07-04,2026-07-04T12:26:11,13,MPO,103148,Thomas Canfield,985,205,13.2,0.0,0.0,0.0,0.0,0.0,0.0,13.2,238.8
2026-07-04,2026-07-04T12:26:11,13,MPO,103676,Tre Carter,979,445,0.0,0.0,0.0,0.0,0.0,0.0,0.0,0.0,414.0
2026-07-04,2026-07-04T12:26:11,13,MPO,103693,Tomáš Mozola,1002,275,6.0,0.00061,0.0,0.00852,8e-05,1e-05,0.0,41.4,181.2
2026-07-04,2026-07-04T12:26:11,13,MPO,103705,Dillon Spellman,982,220,11.0,0.0,0.0,0.0,0.0,0.0,0.0,11.1,251.1
2026-07-04,2026-07-04T12:26:11,13,MPO,103830,Albin Widman,969,364,3.0,0.0,0.0,0.0,0.0,0.0,0.0,3.0,351.9
2026-07-04,2026-07-04T12:26:11,13,MPO,106059,Elias Luukkonen,1013,83,108.71,0.00882,0.0,0.55148,0.01015,0.00438,0.0,189.0,99.3
2026-07-04,2026-07-04T12:26:11,13,MPO,107197,Mauri Villmann,1039,31,466.67,0.55748,0.50386,1.0,1.0,0.03908,0.0,801.3,28.5
2026-07-04,2026-07-04T12:26:11,13,MPO,107518,Charles Peters,996,267,6.33,0.0,0.0,0.0,0.0,0.0,0.0,6.3,291.8
2026-07-04,2026-07-04T12:26:11,13,MPO,107567,Teemu Lampainen,1024,61,240.5,0.07938,0.00163,1.0,0.79963,0.06016,0.0,431.2,64.1
2026-07-04,2026-07-04T12:26:11,13,MPO,108302,Mikael Hautala,996,212,12.0,0.0,0.0,0.0,0.0,0.0,0.0,12.0,244.2
2026-07-04,2026-07-04T12:26:11,13,MPO,108560,Jayden Torres,996,186,16.93,0.00014,0.0,0.00084,0.0,1e-05,0.0,28.6,199.3
2026-07-04,2026-07-04T12:26:11,13,MPO,108695,Roland Kõur,1025,86,98.5,0.04249,0.0,0.68,0.04901,0.02427,0.0,228.2,92.2
2026-07-04,2026-07-04T12:26:11,13,MPO,110462,Nestori Tuhkanen,1022,78,121.5,0.03627,3e-05,0.96796,0.16848,0.02119,0.0,276.8,83.7
2026-07-04,2026-07-04T12:26:11,13,MPO,110596,Ville Parpala,1015,259,7.0,0.00575,0.0,0.01966,0.00052,0.00074,0.0,66.8,153.7
2026-07-04,2026-07-04T12:26:11,13,MPO,111104,Sean Martin,979,333,4.0,0.0,0.0,0.0,0.0,0.0,0.0,4.0,323.8
2026-07-04,2026-07-04T12:26:11,13,MPO,111626,Morten Kristiansen,990,160,25.71,0.00013,0.0,0.00119,0.0,0.0,0.0,51.6,160.2
2026-07-04,2026-07-04T12:26:11,13,MPO,111887,Ryan Mulder,1005,159,25.83,0.0007,0.0,0.02276,0.00039,0.00011,0.0,58.3,158.9
2026-07-04,2026-07-04T12:26:11,13,MPO,112414,Tõnis Soppe,955,277,6.0,0.0,0.0,0.0,0.0,0.0,0.0,6.0,299.0
2026-07-04,2026-07-04T12:26:11,13,MPO,113179,Micah Groth,1023,127,41.5,0.0,0.0,0.0,0.0,0.0,0.0,41.5,171.2
2026-07-04,2026-07-04T12:26:11,13,MPO,113749,Herman Bentzen Hinkel,972,361,3.0,0.0,0.0,0.0,0.0,0.0,0.0,7.9,282.3
2026-07-04,2026-07-04T12:26:11,13,MPO,114877,Seth Talbott,1016,377,0.0,0.0,0.0,0.0,0.0,0.0,0.0,0.0,433.5
2026-07-04,2026-07-04T12:26:11,13,MPO,115165,Kirby Snyder,1008,190,15.33,0.0,0.0,0.0,0.0,0.0,0.0,15.3,226.0
2026-07-04,2026-07-04T12:26:11,13,MPO,115742,Sam DiCarlo,1009,171,22.0,0.0,0.0,0.0,0.0,0.0,0.0,22.0,211.4
2026-07-04,2026-07-04T12:26:11,13,MPO,116137,Hjalmar Fredriksson,1019,123,44.5,0.01814,0.0,0.33843,0.02826,0.00802,0.0,167.2,107.6
2026-07-04,2026-07-04T12:26:11,13,MPO,116860,Jeffrey McCormick,967,328,4.0,0.0,0.0,0.0,0.0,0.0,0.0,4.0,329.3
2026-07-04,2026-07-04T12:26:11,13,MPO,117119,Christian Byars,997,349,3.0,0.0,0.0,0.0,0.0,0.0,0.0,3.0,362.4
2026-07-04,2026-07-04T12:26:11,13,MPO,117593,Eetu Salomäki,1011,301,4.2,0.00328,0.0,0.01033,0.00015,0.00025,0.0,55.6,163.9
2026-07-04,2026-07-04T12:26:11,13,MPO,117788,Daniel Kitchens,997,415,0.0,0.0,0.0,0.0,0.0,0.0,0.0,0.0,445.0
2026-07-04,2026-07-04T12:26:11,13,MPO,118010,Jacob Velasco,984,432,0.0,0.0,0.0,0.0,0.0,0.0,0.0,0.0,375.3
2026-07-04,2026-07-04T12:26:11,13,MPO,118179,Levi Stout,1019,68,178.47,0.06561,0.00154,1.0,0.81687,0.04122,0.0,431.1,64.1
2026-07-04,2026-07-04T12:26:11,13,MPO,118426,Andrew Miranda,1022,42,329.29,0.10296,0.02401,1.0,0.99999,0.05679,0.0,569.3,48.8
2026-07-04,2026-07-04T12:26:11,13,MPO,118552,Ville Kivisilla,1011,111,52.0,0.0,0.0,0.0,0.0,0.0,0.0,52.0,156.5
2026-07-04,2026-07-04T12:26:11,13,MPO,118795,Pierce Guderski,996,417,0.0,0.0,0.0,0.0,0.0,0.0,0.0,0.0,419.1
2026-07-04,2026-07-04T12:26:11,13,MPO,119504,Gavin Phillips,1018,53,285.01,0.0589,0.00284,1.0,0.98609,0.04294,0.0,478.6,58.8
2026-07-04,2026-07-04T12:26:11,13,MPO,119626,Holger Håkansson,989,258,7.0,6e-05,0.0,0.0002,0.0,0.0,0.0,32.0,191.5
2026-07-04,2026-07-04T12:26:11,13,MPO,119628,Arvid Håkansson,1012,94,74.86,0.00787,0.0,0.36621,0.01427,0.00346,0.0,169.9,104.8
2026-07-04,2026-07-04T12:26:11,13,MPO,119794,Jonathan Borzick,1030,74,141.22,0.09275,0.00096,0.99885,0.43149,0.06552,0.0,357.8,73.1
2026-07-04,2026-07-04T12:26:11,13,MPO,120343,Owen McCall,988,344,3.0,0.0,0.0,0.0,0.0,0.0,0.0,3.0,362.9
2026-07-04,2026-07-04T12:26:11,13,MPO,121715,Ezra Aderhold,1028,46,319.73,0.18643,0.06463,1.0,1.0,0.07847,0.0,611.9,44.6
2026-07-04,2026-07-04T12:26:11,13,MPO,121746,Ryan Clark,952,347,3.0,0.0,0.0,0.0,0.0,0.0,0.0,3.0,362.4
2026-07-04,2026-07-04T12:26:11,13,MPO,122356,Joseph Anderson,1034,16,628.83,0.94167,0.94135,1.0,1.0,0.00027,0.0,954.0,19.1
2026-07-04,2026-07-04T12:26:11,13,MPO,122655,Dylan Capaccioli,1017,153,27.0,0.00175,0.0,0.04027,0.00215,0.00069,0.0,58.4,163.4
2026-07-04,2026-07-04T12:26:11,13,MPO,123220,Herman Hatlo,959,363,3.0,0.0,0.0,0.0,0.0,0.0,0.0,6.7,290.8
2026-07-04,2026-07-04T12:26:11,13,MPO,123433,Isak Andersson,997,296,5.0,0.00056,0.0,0.00111,0.0,0.0,0.0,36.9,185.0
2026-07-04,2026-07-04T12:26:11,13,MPO,123741,Bennett Doemland,997,241,8.33,0.00011,0.0,0.0041,3e-05,0.0,0.0,29.9,201.0
2026-07-04,2026-07-04T12:26:11,13,MPO,124016,Hayden Carroll,1004,184,17.67,0.00099,0.0,0.02915,0.00053,0.00014,0.0,64.5,153.7
2026-07-04,2026-07-04T12:26:11,13,MPO,124269,Evald Sandermoen Øwre,992,337,4.0,0.0003,0.0,0.00055,0.0,0.0,0.0,31.4,194.1
2026-07-04,2026-07-04T12:26:11,13,MPO,124607,Gillis MacDougall,1004,218,11.0,0.00088,0.0,0.02186,0.00034,7e-05,0.0,55.6,164.2
2026-07-04,2026-07-04T12:26:11,13,MPO,125969,Matt Thompson,1006,140,32.0,0.0,0.0,0.0,0.0,0.0,0.0,32.0,185.1
2026-07-04,2026-07-04T12:26:11,13,MPO,126320,Toke Kyed,991,359,3.0,0.0,0.0,0.0,0.0,0.0,0.0,3.0,352.9
2026-07-04,2026-07-04T12:26:11,13,MPO,127048,Nick Robertson,1008,109,53.0,0.00228,0.0,0.12061,0.00349,0.00071,0.0,112.9,123.0
2026-07-04,2026-07-04T12:26:11,13,MPO,127492,Aviel Gomez,1027,110,52.0,0.01464,0.0,0.15561,0.01922,0.0099,0.0,118.2,126.8
2026-07-04,2026-07-04T12:26:11,13,MPO,128050,Eli Swansen,993,93,76.0,0.00053,0.0,0.20232,0.00029,8e-05,0.0,140.0,111.8
2026-07-04,2026-07-04T12:26:11,13,MPO,128704,Samuel Snider,1002,213,11.67,0.0,0.0,0.0,0.0,0.0,0.0,11.7,247.3
2026-07-04,2026-07-04T12:26:11,13,MPO,129061,Hjalte Jensen,1032,181,19.5,0.01922,0.0,0.01636,0.00214,0.00557,0.0,68.6,155.6
2026-07-04,2026-07-04T12:26:11,13,MPO,129933,Markus Saarepuu,989,248,8.0,0.0,0.0,0.0,0.0,0.0,0.0,8.0,276.1
2026-07-04,2026-07-04T12:26:11,13,MPO,129963,Braeden Sides,1026,33,433.85,0.21147,0.13649,1.0,1.0,0.05,0.0,683.4,37.7
2026-07-04,2026-07-04T12:26:11,13,MPO,130300,Egert Hütt,976,236,9.0,0.0,0.0,0.0,0.0,0.0,0.0,9.0,268.4
2026-07-04,2026-07-04T12:26:11,13,MPO,130709,Colin Bryant,1035,137,34.38,0.15872,0.0015,0.83394,0.3488,0.08985,0.0,332.2,78.0
2026-07-04,2026-07-04T12:26:11,13,MPO,130724,Austen Bates,1024,70,157.11,0.07493,0.00141,1.0,0.59458,0.04682,0.0,390.0,68.9
2026-07-04,2026-07-04T12:26:11,13,MPO,130941,Blake Houston,1008,163,24.66,0.0,0.0,0.0,0.0,0.0,0.0,24.7,201.2
2026-07-04,2026-07-04T12:26:11,13,MPO,131002,Onni Ruusunen,1026,67,190.33,0.05684,4e-05,1.0,0.32294,0.03751,0.0,330.8,75.7
2026-07-04,2026-07-04T12:26:11,13,MPO,131056,Eetu Tuominen,1033,60,250.0,0.16118,0.00115,1.0,0.85787,0.1226,0.0,453.8,61.5
2026-07-04,2026-07-04T12:26:11,13,MPO,131072,Joshua Ianno,979,392,0.0,0.0,0.0,0.0,0.0,0.0,0.0,0.0,429.1
2026-07-04,2026-07-04T12:26:11,13,MPO,131330,Sylus Williams,1014,158,26.0,0.00107,0.0,0.02859,0.00115,0.00032,0.0,51.7,168.8
2026-07-04,2026-07-04T12:26:11,13,MPO,131546,Harry Chace,1027,45,322.75,0.17824,0.06537,1.0,1.0,0.0736,0.0,617.5,44.0
2026-07-04,2026-07-04T12:26:11,13,MPO,132195,Daniel Perry,1024,99,69.67,0.01128,0.0,0.16147,0.01763,0.00803,0.0,128.5,119.7
2026-07-04,2026-07-04T12:26:11,13,MPO,132521,Paul Krans,1033,29,470.86,0.49802,0.45656,1.0,1.0,0.03116,0.0,788.3,29.5
2026-07-04,2026-07-04T12:26:11,13,MPO,132972,James Collier,999,189,15.6,0.00018,0.0,0.00148,1e-05,0.0,0.0,29.0,199.8
2026-07-04,2026-07-04T12:26:11,13,MPO,133499,Trevor Williamson,956,412,0.0,0.0,0.0,0.0,0.0,0.0,0.0,0.0,448.0
2026-07-04,2026-07-04T12:26:11,13,MPO,135125,Fritiof Fagergren,1015,135,36.67,0.00948,0.0,0.20317,0.01109,0.00349,0.0,134.1,117.2
2026-07-04,2026-07-04T12:26:11,13,MPO,135258,Hugo Fröjdlund,1009,268,6.33,0.00079,0.0,0.00056,0.0,2e-05,0.0,24.8,214.8
2026-07-04,2026-07-04T12:26:11,13,MPO,135272,Olle Fröjdlund,982,340,3.25,0.0,0.0,0.0,0.0,0.0,0.0,3.2,348.8
2026-07-04,2026-07-04T12:26:11,13,MPO,135358,Ryan Hahn,991,219,11.0,0.0,0.0,0.0,0.0,0.0,0.0,11.0,251.8
2026-07-04,2026-07-04T12:26:11,13,MPO,135467,Peyton Mansell,984,315,4.0,0.0,0.0,0.0,0.0,0.0,0.0,4.0,339.0
2026-07-04,2026-07-04T12:26:11,13,MPO,136325,Rasmus Saukkoriipi,1020,69,174.29,0.05816,0.0005,1.0,0.63521,0.03469,0.0,389.4,68.8
2026-07-04,2026-07-04T12:26:11,13,MPO,137010,Rasmus Lampela,1023,178,20.0,0.0,0.0,0.0,0.0,0.0,0.0,20.0,216.8
2026-07-04,2026-07-04T12:26:11,13,MPO,137625,Henry Bente,1005,318,4.0,0.0,0.0,0.0,0.0,0.0,0.0,4.0,338.0
2026-07-04,2026-07-04T12:26:11,13,MPO,137836,TJ Reel,1009,230,9.67,0.0,0.0,0.0,0.0,0.0,0.0,11.0,255.6
2026-07-04,2026-07-04T12:26:11,13,MPO,137957,Mick Walter,966,319,4.0,0.0,0.0,0.0,0.0,0.0,0.0,4.0,339.4
2026-07-04,2026-07-04T12:26:11,13,MPO,138089,Dallas Garber,1019,65,210.77,0.05239,0.00067,1.0,0.71308,0.03645,0.0,402.0,67.4
2026-07-04,2026-07-04T12:26:11,13,MPO,138103,Matthew Alexander,1008,92,86.87,0.00551,0.0,0.61682,0.02229,0.00216,0.0,193.9,98.5
2026-07-04,2026-07-04T12:26:11,13,MPO,138269,Alex Mier,977,435,0.0,0.0,0.0,0.0,0.0,0.0,0.0,0.0,377.5
2026-07-04,2026-07-04T12:26:11,13,MPO,138355,Nathaniel Johnson,997,283,5.4,0.0,0.0,0.0,0.0,0.0,0.0,5.4,305.9
2026-07-04,2026-07-04T12:26:11,13,MPO,138655,Brenden Koontz,971,226,10.0,0.0,0.0,0.0,0.0,0.0,0.0,10.0,259.6
2026-07-04,2026-07-04T12:26:11,13,MPO,138685,Kaspar Kukk,989,228,10.0,0.0,0.0,0.0,0.0,0.0,0.0,10.0,259.9
2026-07-04,2026-07-04T12:26:11,13,MPO,139228,Chandler Kramer,1026,43,324.57,0.1373,0.03606,1.0,0.99998,0.07522,0.0,583.3,47.4
2026-07-04,2026-07-04T12:26:11,13,MPO,139649,Jack Dinsmore,972,440,0.0,0.0,0.0,0.0,0.0,0.0,0.0,0.0,387.3
2026-07-04,2026-07-04T12:26:11,13,MPO,140561,Nolan Johnson,989,264,6.67,0.0,0.0,0.0,0.0,0.0,0.0,6.7,288.0
2026-07-04,2026-07-04T12:26:11,13,MPO,141387,Zachary Drinkall,980,443,0.0,0.0,0.0,0.0,0.0,0.0,0.0,0.0,395.3
2026-07-04,2026-07-04T12:26:11,13,MPO,142224,Ryan Chesla,996,291,5.33,0.0,0.0,0.0,0.0,0.0,0.0,5.3,310.6
2026-07-04,2026-07-04T12:26:11,13,MPO,143853,Elijah Rider Brandt,1009,121,45.23,0.00274,0.0,0.09586,0.00149,0.00074,0.0,109.6,124.1
2026-07-04,2026-07-04T12:26:11,13,MPO,143900,Asher Weideman,988,427,0.0,0.0,0.0,0.0,0.0,0.0,0.0,0.0,385.1
2026-07-04,2026-07-04T12:26:11,13,MPO,144592,Abraham Johnson,981,271,6.0,0.0,0.0,0.0,0.0,0.0,0.0,6.0,298.7
2026-07-04,2026-07-04T12:26:11,13,MPO,144790,Andrew Yale,971,442,0.0,0.0,0.0,0.0,0.0,0.0,0.0,0.0,404.9
2026-07-04,2026-07-04T12:26:11,13,MPO,144929,Ryan Monn,1019,50,295.41,0.07002,0.00422,1.0,0.99505,0.04916,0.0,497.3,56.7
2026-07-04,2026-07-04T12:26:11,13,MPO,145206,Calvin Lonnquist,1017,58,257.05,0.05882,0.00149,1.0,0.94579,0.03963,0.0,456.8,61.2
2026-07-04,2026-07-04T12:26:11,13,MPO,145623,Jay Minton,988,306,4.0,0.0,0.0,0.0,0.0,0.0,0.0,4.0,328.8
2026-07-04,2026-07-04T12:26:11,13,MPO,146420,Guy Melms,973,245,8.0,0.0,0.0,0.0,0.0,0.0,0.0,8.0,276.0
2026-07-04,2026-07-04T12:26:11,13,MPO,146679,Colton Lawless,1001,217,11.33,7e-05,0.0,0.00433,6e-05,0.0,0.0,23.3,214.7
2026-07-04,2026-07-04T12:26:11,13,MPO,146928,Blake Seddens,992,375,0.0,0.0,0.0,0.0,0.0,0.0,0.0,0.0,435.5
2026-07-04,2026-07-04T12:26:11,13,MPO,146950,Hunter Embler,977,345,3.0,0.0,0.0,0.0,0.0,0.0,0.0,3.0,362.0
2026-07-04,2026-07-04T12:26:11,13,MPO,147394,Tristian Kellar,945,409,0.0,0.0,0.0,0.0,0.0,0.0,0.0,0.0,450.2
2026-07-04,2026-07-04T12:26:11,13,MPO,148126,Hatcher Mason,999,381,0.0,0.0,0.0,0.0,0.0,0.0,0.0,0.0,434.9
2026-07-04,2026-07-04T12:26:11,13,MPO,148260,Alexander McAbee,950,463,0.0,0.0,0.0,0.0,0.0,0.0,0.0,0.0,395.9
2026-07-04,2026-07-04T12:26:11,13,MPO,148807,Stephen McLaren,969,350,3.0,0.0,0.0,0.0,0.0,0.0,0.0,3.0,361.2
2026-07-04,2026-07-04T12:26:11,13,MPO,149546,Jesse Longenecker,1026,176,20.67,0.0521,4e-05,0.517,0.0959,0.02404,0.0,212.5,99.2
2026-07-04,2026-07-04T12:26:11,13,MPO,150052,Garrett D. Knox,982,270,6.0,0.0,0.0,0.0,0.0,0.0,0.0,6.0,298.6
2026-07-04,2026-07-04T12:26:11,13,MPO,150600,Jake Baker,954,434,0.0,0.0,0.0,0.0,0.0,0.0,0.0,0.0,378.2
2026-07-04,2026-07-04T12:26:11,13,MPO,151146,Lucas Carmichael,1008,104,63.5,0.00559,0.0,0.40267,0.0139,0.00182,0.0,169.0,104.9
2026-07-04,2026-07-04T12:26:11,13,MPO,152206,Jedd Berger,1012,139,32.67,0.0035,0.0,0.04816,0.00186,0.00063,0.0,76.3,144.6
2026-07-04,2026-07-04T12:26:11,13,MPO,153211,Landen Carver,974,266,6.33,0.0,0.0,0.0,0.0,0.0,0.0,6.4,291.2
2026-07-04,2026-07-04T12:26:11,13,MPO,153363,Jaden Rye,1032,15,633.83,0.94145,0.94127,1.0,1.0,0.00015,0.0,944.4,19.5
2026-07-04,2026-07-04T12:26:11,13,MPO,153445,Corbin Milchesky,988,255,7.0,0.0,0.0,0.0,0.0,0.0,0.0,7.0,283.2
2026-07-04,2026-07-04T12:26:11,13,MPO,154511,Kyle Krieckhaus,1023,132,38.78,0.03963,5e-05,0.54599,0.08408,0.01825,0.0,213.2,97.5
2026-07-04,2026-07-04T12:26:11,13,MPO,154616,Ray Illian,933,464,0.0,0.0,0.0,0.0,0.0,0.0,0.0,0.0,430.2
2026-07-04,2026-07-04T12:26:11,13,MPO,155087,Teemu Talikainen,1003,125,43.0,0.00101,0.0,0.01879,0.00014,0.0001,0.0,83.8,134.8
2026-07-04,2026-07-04T12:26:11,13,MPO,155128,Wynn Coggin,983,302,4.0,0.0,0.0,0.0,0.0,0.0,0.0,4.0,328.1
2026-07-04,2026-07-04T12:26:11,13,MPO,156492,Adam Alexander,983,426,0.0,0.0,0.0,0.0,0.0,0.0,0.0,0.0,386.1
2026-07-04,2026-07-04T12:26:11,13,MPO,157065,Mikk Mõts,994,273,6.0,0.0,0.0,0.0,0.0,0.0,0.0,6.0,298.3
2026-07-04,2026-07-04T12:26:11,13,MPO,157441,Oiva Päivänsalo,1014,88,93.37,0.00981,0.0,0.3786,0.00792,0.00481,0.0,176.5,102.7
2026-07-04,2026-07-04T12:26:11,13,MPO,157945,Nate Toutolmin,989,221,10.67,0.0,0.0,0.0,0.0,0.0,0.0,10.7,254.4
2026-07-04,2026-07-04T12:26:11,13,MPO,158169,Edvard Espeset Hjemdal,976,211,12.0,0.0,0.0,0.0,0.0,0.0,0.0,12.0,244.2
2026-07-04,2026-07-04T12:26:11,13,MPO,158610,Simeon Davenport,995,388,0.0,1e-05,0.0,0.00092,1e-05,0.0,0.0,7.7,320.8
2026-07-04,2026-07-04T12:26:11,13,MPO,158613,Josiah Davenport,984,398,0.0,0.0,0.0,0.0,0.0,0.0,0.0,0.0,461.2
2026-07-04,2026-07-04T12:26:11,13,MPO,158615,Gideon Davenport,967,404,0.0,0.0,0.0,0.0,0.0,0.0,0.0,0.0,455.2
2026-07-04,2026-07-04T12:26:11,13,MPO,158640,Rainers Balodis,1030,113,50.0,0.0796,0.0001,0.67793,0.15607,0.04516,0.0,259.2,88.8
2026-07-04,2026-07-04T12:26:11,13,MPO,159317,Otto Mäkinen,1017,103,65.2,0.01619,0.0,0.42445,0.03012,0.00777,0.0,183.0,102.4
2026-07-04,2026-07-04T12:26:11,13,MPO,161137,Nate Wallen,954,458,0.0,0.0,0.0,0.0,0.0,0.0,0.0,0.0,401.1
2026-07-04,2026-07-04T12:26:11,13,MPO,162020,Damien Biegert,1003,308,4.0,0.0,0.0,0.0,0.0,0.0,0.0,4.0,328.8
2026-07-04,2026-07-04T12:26:11,13,MPO,162085,Paul Davidson,978,351,3.0,0.0,0.0,0.0,0.0,0.0,0.0,3.0,361.5
2026-07-04,2026-07-04T12:26:11,13,MPO,162717,Axel Wernborg,1002,250,7.8,0.00029,0.0,0.00022,0.0,0.0,0.0,21.8,218.9
2026-07-04,2026-07-04T12:26:11,13,MPO,162722,Atticus Abraham,989,418,0.0,0.0,0.0,0.0,0.0,0.0,0.0,0.0,441.4
2026-07-04,2026-07-04T12:26:11,13,MPO,163877,Chris Reliford,990,229,9.67,0.0,0.0,0.0,0.0,0.0,0.0,9.7,263.0
2026-07-04,2026-07-04T12:26:11,13,MPO,165010,Justus Sarvi,1026,118,47.34,0.03608,0.0,0.24773,0.01667,0.01697,0.0,161.8,109.3
2026-07-04,2026-07-04T12:26:11,13,MPO,165105,Alex Banning,973,357,3.0,0.0,0.0,0.0,0.0,0.0,0.0,3.0,353.1
2026-07-04,2026-07-04T12:26:11,13,MPO,165120,Dustin Klein,970,312,4.0,0.0,0.0,0.0,0.0,0.0,0.0,4.0,333.6
2026-07-04,2026-07-04T12:26:11,13,MPO,165190,Sawyer Barlow,1007,223,10.5,0.00173,0.0,0.02273,0.00026,0.00016,0.0,65.0,153.6
2026-07-04,2026-07-04T12:26:11,13,MPO,165751,Julius Mølgaard,1004,269,6.33,0.00041,0.0,0.00034,0.0,1e-05,0.0,21.5,222.4
2026-07-04,2026-07-04T12:26:11,13,MPO,165807,Jason Lawson,1012,138,33.0,0.0,0.0,0.0,0.0,0.0,0.0,33.0,182.6
2026-07-04,2026-07-04T12:26:11,13,MPO,165843,Justin Mateo,986,222,10.67,0.0,0.0,0.0,0.0,0.0,0.0,10.7,254.5
2026-07-04,2026-07-04T12:26:11,13,MPO,165881,Parker Austin,1008,162,25.27,0.00166,0.0,0.06066,0.0015,0.00032,0.0,82.9,140.4
2026-07-04,2026-07-04T12:26:11,13,MPO,166089,Mickey Welsh,984,307,4.0,0.0,0.0,0.0,0.0,0.0,0.0,4.0,327.8
2026-07-04,2026-07-04T12:26:11,13,MPO,167159,Tristan Cook,997,204,13.33,0.0,0.0,0.0,0.0,0.0,0.0,13.3,236.9
2026-07-04,2026-07-04T12:26:11,13,MPO,168538,Kade Capps,1002,394,0.0,0.0,0.0,0.0,0.0,0.0,0.0,0.0,452.2
2026-07-04,2026-07-04T12:26:11,13,MPO,170193,Zachery Laycock,983,433,0.0,0.0,0.0,0.0,0.0,0.0,0.0,0.0,378.7
2026-07-04,2026-07-04T12:26:11,13,MPO,170839,J.J. Campbell,1008,108,53.6,0.00081,0.0,0.01865,0.00024,0.00019,0.0,74.8,140.5
2026-07-04,2026-07-04T12:26:11,13,MPO,174255,Henrik Haaland,1011,185,17.0,0.00116,0.0,0.00128,2e-05,3e-05,0.0,37.1,185.1
2026-07-04,2026-07-04T12:26:11,13,MPO,174343,Ben Holding,978,167,23.77,1e-05,0.0,4e-05,0.0,0.0,0.0,35.8,179.9
2026-07-04,2026-07-04T12:26:11,13,MPO,174519,Colby Schefers,983,150,27.67,0.0,0.0,0.0,0.0,0.0,0.0,27.7,194.5
2026-07-04,2026-07-04T12:26:11,13,MPO,175222,Matthew Brown,982,342,3.0,0.0,0.0,0.0,0.0,0.0,0.0,3.1,360.6
2026-07-04,2026-07-04T12:26:11,13,MPO,176145,Arvid Hansson,967,299,4.2,0.0,0.0,0.0,0.0,0.0,0.0,4.2,316.9
2026-07-04,2026-07-04T12:26:11,13,MPO,177347,Taaniel Mehine,1005,180,20.0,0.0,0.0,0.0,0.0,0.0,0.0,20.0,217.0
2026-07-04,2026-07-04T12:26:11,13,MPO,178069,Micah Rousse,977,297,4.5,0.0,0.0,0.0,0.0,0.0,0.0,4.5,315.9
2026-07-04,2026-07-04T12:26:11,13,MPO,178485,Kalle Kela,1004,196,14.67,0.00075,0.0,0.00076,0.0,1e-05,0.0,39.5,178.5
2026-07-04,2026-07-04T12:26:11,13,MPO,179847,Nick Doan,1004,243,8.0,0.0,0.0,0.0,0.0,0.0,0.0,8.0,275.6
2026-07-04,2026-07-04T12:26:11,13,MPO,180216,Ryan Jewell,1003,175,20.67,0.00011,0.0,0.00692,7e-05,2e-05,0.0,33.4,190.9
2026-07-04,2026-07-04T12:26:11,13,MPO,180719,Connor King,976,294,5.0,0.0,0.0,0.0,0.0,0.0,0.0,5.0,314.7
2026-07-04,2026-07-04T12:26:11,13,MPO,180865,Björn Marrandi,1013,116,48.86,0.00594,0.0,0.08189,0.00164,0.0017,0.0,111.9,123.2
2026-07-04,2026-07-04T12:26:11,13,MPO,181675,Bryson Little,991,224,10.22,0.0,0.0,0.0,0.0,0.0,0.0,10.2,256.8
2026-07-04,2026-07-04T12:26:11,13,MPO,182130,Alexander Standal Borgersrud,997,155,27.0,0.00016,0.0,0.00031,0.0,0.0,0.0,38.5,176.8
2026-07-04,2026-07-04T12:26:11,13,MPO,183213,Michael Bueno,969,321,4.0,0.0,0.0,0.0,0.0,0.0,0.0,4.0,341.1
2026-07-04,2026-07-04T12:26:11,13,MPO,183472,Gaute Hauge,949,279,6.0,0.0,0.0,0.0,0.0,0.0,0.0,6.0,299.8
2026-07-04,2026-07-04T12:26:11,13,MPO,183802,Jonathan Suyat,970,431,0.0,0.0,0.0,0.0,0.0,0.0,0.0,0.0,382.3
2026-07-04,2026-07-04T12:26:11,13,MPO,185738,Kieran Atkinson,998,292,5.33,0.0,0.0,0.0,0.0,0.0,0.0,5.3,310.8
2026-07-04,2026-07-04T12:26:11,13,MPO,187773,Woods McCue,972,304,4.0,0.0,0.0,0.0,0.0,0.0,0.0,4.0,331.5
2026-07-04,2026-07-04T12:26:11,13,MPO,187952,Perry Walker,975,324,4.0,0.0,0.0,0.0,0.0,0.0,0.0,4.0,340.4
2026-07-04,2026-07-04T12:26:11,13,MPO,187956,Gavin Bos,1013,145,28.67,0.00144,0.0,0.01247,0.00018,0.00027,0.0,55.7,160.4
2026-07-04,2026-07-04T12:26:11,13,MPO,189384,Cole Cochran,957,446,0.0,0.0,0.0,0.0,0.0,0.0,0.0,0.0,413.0
2026-07-04,2026-07-04T12:26:11,13,MPO,189385,Quinn Cochran,961,455,0.0,0.0,0.0,0.0,0.0,0.0,0.0,0.0,404.1
2026-07-04,2026-07-04T12:26:11,13,MPO,190064,Emil Karlsson,994,358,3.0,9e-05,0.0,7e-05,0.0,0.0,0.0,13.2,256.9
2026-07-04,2026-07-04T12:26:11,13,MPO,190731,Evan Walker,1023,309,4.0,0.00485,0.0,0.04637,0.00387,0.00207,0.0,48.0,201.9
2026-07-04,2026-07-04T12:26:11,13,MPO,192715,Jeremy Ward,960,459,0.0,0.0,0.0,0.0,0.0,0.0,0.0,0.0,400.1
2026-07-04,2026-07-04T12:26:11,13,MPO,193478,Cola Di Tullio,1004,172,22.0,0.0,0.0,0.0,0.0,0.0,0.0,22.0,211.5
2026-07-04,2026-07-04T12:26:11,13,MPO,193996,Dylan Dietrich,947,335,4.0,0.0,0.0,0.0,0.0,0.0,0.0,4.0,323.9
2026-07-04,2026-07-04T12:26:11,13,MPO,194635,Deacon Guest,971,408,0.0,0.0,0.0,0.0,0.0,0.0,0.0,0.0,451.2
2026-07-04,2026-07-04T12:26:11,13,MPO,194882,Eli Ramey,970,385,0.0,0.0,0.0,0.0,0.0,0.0,0.0,0.0,424.8
2026-07-04,2026-07-04T12:26:11,13,MPO,194937,Rico Suigusaar,958,336,4.0,0.0,0.0,0.0,0.0,0.0,0.0,4.0,323.9
2026-07-04,2026-07-04T12:26:11,13,MPO,195174,Blake Wade,982,373,0.0,0.0,0.0,0.0,0.0,0.0,0.0,0.0,437.5
2026-07-04,2026-07-04T12:26:11,13,MPO,195780,Kaden Pearson,956,454,0.0,0.0,0.0,0.0,0.0,0.0,0.0,0.0,406.1
2026-07-04,2026-07-04T12:26:11,13,MPO,195983,David Hurley,995,262,6.67,0.0,0.0,0.0,0.0,0.0,0.0,6.7,287.5
2026-07-04,2026-07-04T12:26:11,13,MPO,196220,Graham Fuller,988,293,5.33,0.0,0.0,0.0,0.0,0.0,0.0,5.3,310.5
2026-07-04,2026-07-04T12:26:11,13,MPO,196731,Ryan Bain,998,182,18.89,0.0,0.0,0.0,0.0,0.0,0.0,18.9,220.3
2026-07-04,2026-07-04T12:26:11,13,MPO,197091,Mattieo Little Mattieo Condoluci,1010,416,0.0,0.0,0.0,0.0,0.0,0.0,0.0,0.0,444.0
2026-07-04,2026-07-04T12:26:11,13,MPO,197577,Owen Hamilton,987,208,12.0,0.0,0.0,0.0,0.0,0.0,0.0,12.0,244.2
2026-07-04,2026-07-04T12:26:11,13,MPO,198236,Alan Vazquez,999,168,23.5,0.0,0.0,0.0,0.0,0.0,0.0,23.5,205.9
2026-07-04,2026-07-04T12:26:11,13,MPO,198295,Isaac Chance,969,305,4.0,0.0,0.0,0.0,0.0,0.0,0.0,4.0,331.3
2026-07-04,2026-07-04T12:26:11,13,MPO,199203,Nikola Arkko,1015,82,111.0,0.01125,0.0,0.62791,0.01596,0.00561,0.0,198.1,97.3
2026-07-04,2026-07-04T12:26:11,13,MPO,199449,Grant Yoder,974,429,0.0,0.0,0.0,0.0,0.0,0.0,0.0,0.0,383.1
2026-07-04,2026-07-04T12:26:11,13,MPO,200757,Guthrie Timpanaro,985,387,0.0,0.0,0.0,0.0,0.0,0.0,0.0,0.0,423.6
2026-07-04,2026-07-04T12:26:11,13,MPO,200956,Travis Bossio,944,465,0.0,0.0,0.0,0.0,0.0,0.0,0.0,0.0,465.0
2026-07-04,2026-07-04T12:26:11,13,MPO,201809,Colby Jones,977,353,3.0,0.0,0.0,0.0,0.0,0.0,0.0,3.0,359.3
2026-07-04,2026-07-04T12:26:11,13,MPO,201845,Miio Hämäläinen,1020,100,68.8,0.02038,0.0,0.28306,0.0111,0.00992,0.0,166.0,106.5
2026-07-04,2026-07-04T12:26:11,13,MPO,203005,Jimi Tapanila,977,274,6.0,0.0,0.0,0.0,0.0,0.0,0.0,6.0,298.5
2026-07-04,2026-07-04T12:26:11,13,MPO,204855,Alexander Karanzas,985,234,9.2,7e-05,0.0,0.00012,0.0,0.0,0.0,31.7,190.7
2026-07-04,2026-07-04T12:26:11,13,MPO,205985,Hayden Frederiksen,1008,192,15.0,0.0,0.0,0.0,0.0,0.0,0.0,15.0,228.1
2026-07-04,2026-07-04T12:26:11,13,MPO,208639,Travis Britt,972,441,0.0,0.0,0.0,0.0,0.0,0.0,0.0,0.0,393.1
2026-07-04,2026-07-04T12:26:11,13,MPO,210763,Anthony Bodanza,997,252,7.67,0.0,0.0,0.0,0.0,0.0,0.0,7.7,279.8
2026-07-04,2026-07-04T12:26:11,13,MPO,211071,John Crawford,956,460,0.0,0.0,0.0,0.0,0.0,0.0,0.0,0.0,399.1
2026-07-04,2026-07-04T12:26:11,13,MPO,211189,Ben Anderson,961,411,0.0,0.0,0.0,0.0,0.0,0.0,0.0,0.0,439.4
2026-07-04,2026-07-04T12:26:11,13,MPO,211719,Murphy Dykstra,966,451,0.0,0.0,0.0,0.0,0.0,0.0,0.0,0.0,407.9
2026-07-04,2026-07-04T12:26:11,13,MPO,213243,Reese Petersen,1003,232,9.33,0.0,0.0,0.0,0.0,0.0,0.0,9.3,266.0
2026-07-04,2026-07-04T12:26:11,13,MPO,214285,Thomas Helgesen,977,272,6.0,0.0,0.0,0.0,0.0,0.0,0.0,6.0,298.5
2026-07-04,2026-07-04T12:26:11,13,MPO,214348,Dylan Bryant,981,397,0.0,0.0,0.0,0.0,0.0,0.0,0.0,0.0,462.0
2026-07-04,2026-07-04T12:26:11,13,MPO,215150,Timothy TenKley,998,423,0.0,0.0,0.0,0.0,0.0,0.0,0.0,0.0,388.2
2026-07-04,2026-07-04T12:26:11,13,MPO,218351,Tony Wienhold,956,403,0.0,0.0,0.0,0.0,0.0,0.0,0.0,0.0,456.2
2026-07-04,2026-07-04T12:26:11,13,MPO,218762,Canaan Ramey,979,380,0.0,0.0,0.0,0.0,0.0,0.0,0.0,0.1,432.8
2026-07-04,2026-07-04T12:26:11,13,MPO,218832,Renārs Strazdiņš,971,257,7.0,0.0,0.0,0.0,0.0,0.0,0.0,7.0,283.3
2026-07-04,2026-07-04T12:26:11,13,MPO,218949,Matthew Lopez,958,325,4.0,0.0,0.0,0.0,0.0,0.0,0.0,4.0,335.6
2026-07-04,2026-07-04T12:26:11,13,MPO,219458,Brooks Haney,964,401,0.0,0.0,0.0,0.0,0.0,0.0,0.0,0.0,458.2
2026-07-04,2026-07-04T12:26:11,13,MPO,219899,Judah Ramey,978,384,0.0,0.0,0.0,0.0,0.0,0.0,0.0,0.1,424.7
2026-07-04,2026-07-04T12:26:11,13,MPO,220532,Jackson McDonald,973,376,0.0,0.0,0.0,0.0,0.0,0.0,0.0,0.0,434.5
2026-07-04,2026-07-04T12:26:11,13,MPO,226506,German Cuellar Rodriguez,958,457,0.0,0.0,0.0,0.0,0.0,0.0,0.0,0.0,401.6
2026-07-04,2026-07-04T12:26:11,13,MPO,226898,Asher Mueller,971,389,0.0,0.0,0.0,0.0,0.0,0.0,0.0,0.0,422.1
2026-07-04,2026-07-04T12:26:11,13,MPO,228153,Arttu Rossi,997,210,12.0,0.00023,0.0,0.00021,1e-05,0.0,0.0,32.4,190.5
2026-07-04,2026-07-04T12:26:11,13,MPO,229763,Martin Cronacher,1002,341,3.25,0.00088,0.0,0.00228,4e-05,1e-05,0.0,40.9,180.4
2026-07-04,2026-07-04T12:26:11,13,MPO,235369,Darrien Payton,943,405,0.0,0.0,0.0,0.0,0.0,0.0,0.0,0.0,462.3
2026-07-04,2026-07-04T12:26:11,13,MPO,235433,Eric Sebastian,973,430,0.0,0.0,0.0,0.0,0.0,0.0,0.0,0.0,391.2
2026-07-04,2026-07-04T12:26:11,13,MPO,235882,Halvard Solberg,977,365,3.0,2e-05,0.0,2e-05,0.0,0.0,0.0,21.4,213.1
2026-07-04,2026-07-04T12:26:11,13,MPO,239942,Payton Mergen,999,314,4.0,0.00023,0.0,0.00094,0.0,0.0,0.0,17.4,241.6
2026-07-04,2026-07-04T12:26:11,13,MPO,240431,Brandon Green,1002,214,11.5,0.0,0.0,0.0,0.0,0.0,0.0,11.5,248.9
2026-07-04,2026-07-04T12:26:11,13,MPO,241573,Whit Stephenson,996,260,6.67,0.0,0.0,0.0,0.0,0.0,0.0,6.7,287.1
2026-07-04,2026-07-04T12:26:11,13,MPO,242013,Noah Feil,1006,117,47.67,0.00034,0.0,0.01161,7e-05,7e-05,0.0,66.5,146.5
2026-07-04,2026-07-04T12:26:11,13,MPO,242531,Jace Rittenhouse,966,396,0.0,0.0,0.0,0.0,0.0,0.0,0.0,0.0,456.0
2026-07-04,2026-07-04T12:26:11,13,MPO,244370,Derek Holzscherer,963,439,0.0,0.0,0.0,0.0,0.0,0.0,0.0,0.0,376.9
2026-07-04,2026-07-04T12:26:11,13,MPO,248473,Judah Hawkes,967,420,0.0,0.0,0.0,0.0,0.0,0.0,0.0,0.0,408.3
2026-07-04,2026-07-04T12:26:11,13,MPO,253857,Bradley Baumgardner,990,231,9.5,0.0,0.0,0.0,0.0,0.0,0.0,9.5,264.5
2026-07-04,2026-07-04T12:26:11,13,MPO,255044,Yashua Xiong,983,326,4.0,0.0,0.0,0.0,0.0,0.0,0.0,4.0,335.8
2026-07-04,2026-07-04T12:26:11,13,MPO,255864,Landis Nelson,970,356,3.0,0.0,0.0,0.0,0.0,0.0,0.0,3.0,354.0
2026-07-04,2026-07-04T12:26:11,13,MPO,258444,Houston Finch,1000,198,14.22,0.0,0.0,0.0,0.0,0.0,0.0,14.2,231.8
2026-07-04,2026-07-04T12:26:11,13,MPO,261932,Andrew Bakken,972,290,5.33,0.0,0.0,0.0,0.0,0.0,0.0,5.3,310.5
2026-07-04,2026-07-04T12:26:11,13,MPO,262097,Kevin Harris,988,386,0.0,0.0,0.0,0.0,0.0,0.0,0.0,0.0,424.6
2026-07-04,2026-07-04T12:26:11,13,MPO,264796,Luke Long,969,400,0.0,0.0,0.0,0.0,0.0,0.0,0.0,0.0,459.2
2026-07-04,2026-07-04T12:26:11,13,MPO,267928,Charles Peake,980,195,14.67,0.0,0.0,0.0,0.0,0.0,0.0,14.7,230.1
2026-07-04,2026-07-04T12:26:11,13,MPO,269600,Hunter Stevens,997,371,0.0,0.0,0.0,0.0,0.0,0.0,0.0,0.0,438.8
2026-07-04,2026-07-04T12:26:11,13,MPO,272448,Marcus Rodriguez,970,378,0.0,0.0,0.0,0.0,0.0,0.0,0.0,0.0,432.5
2026-07-04,2026-07-04T12:26:11,13,MPO,284609,Quinn Lawler,995,414,0.0,0.0,0.0,0.0,0.0,0.0,0.0,0.0,446.0
2026-07-04,2026-07-04T12:26:11,13,MPO,309736,Carson Bursch,983,419,0.0,0.0,0.0,0.0,0.0,0.0,0.0,0.0,417.1
2026-07-04,2026-07-04T12:26:11,13,MPO,319725,Sean Sullivan,957,366,2.67,0.0,0.0,0.0,0.0,0.0,0.0,2.7,369.3
