rank,pdga_number,name,rating,starts,points
1,133547,Holyn Handley,984,15,1713.67
2,107335,Silva Saarinen,991,13,1695.17
3,48976,Ohn Scoggins,989,14,1673.33
4,85942,Missy Gannon,986,14,1518.66
5,144112,Ella Hansen,977,15,1508.58
6,64927,Eveliina Salonen,988,10,1364.67
7,44184,Catrina Allen,968,17,1170.25
8,99455,Kat Mertsch,965,17,1100.67
9,59227,Henna Blomroos,968,10,1036.67
10,66599,Heidi Laine,963,17,1015.75
11,208576,Rebecca Don,962,14,1004.99
12,62879,Valerie Mandujano,972,9,985.66
13,111487,Emily Weatherman,960,15,932.33
14,229526,Sintija Klezberga,958,12,865.0
15,198446,Eliezra Midtlyng,952,16,851.58
16,189702,Taylor Chocek,945,14,812.7
17,50656,Jessica Gurthie,956,12,800.5
18,29190,Paige Pierce,963,12,796.67
19,112647,Hanna Huynh,961,10,776.83
20,109996,Anniken Kristiansen Steen,966,8,700.29
21,32654,Lisa Fajkus,959,12,671.33
22,59431,Madison Walker,953,12,652.83
23,27832,Kona Star Montgomery,950,12,638.75
24,85484,Anneli Tõugjas-Männiste,959,10,554.0
25,185534,Sofia Donnecke,962,7,547.5
26,277832,Chandler Reigh,939,13,544.25
27,138272,Raven Klein,942,13,535.0
28,146137,Dani K. Hart,947,12,525.75
29,32917,Rebecca Cox,949,12,502.5
30,62880,Alexis Mandujano,960,7,480.5
31,181772,Ida Emilie Nesse,945,7,442.0
32,216558,Iida Lehtomäki,959,4,430.25
33,224238,Julia Fors,966,3,428.5
34,152191,Kelley Foster,936,12,412.5
35,155026,Amanda Lennartsson,942,5,409.0
36,195549,Kylie Kohut,940,7,403.0
37,146304,MJ Gager,948,6,392.58
38,161918,Addison Woodard,956,5,380.08
39,184736,Jennifer Smiley,929,13,348.25
40,210972,Kristýna Jurčíková,968,2,331.0
41,104314,Violet Main,940,6,317.0
42,15354,Jennifer Allen,966,4,313.0
43,104187,Macie Velediaz,952,4,294.67
44,71262,Erika Stinchcomb,922,14,288.75
45,77385,Matilda Ringbom,947,3,274.0
46,51277,Holly Finley,937,6,265.0
47,63257,Maria Oliva,920,10,246.0
48,168863,Trinity Bryant,925,9,235.0
49,142354,Alexis Kerman,926,9,233.75
50,162896,Therese Cuevas,939,4,231.5
51,202571,Elizabete Pēkšena,938,3,205.5
52,84279,Kaidi Allsalu,953,3,203.62
53,115503,Olivia Kindstedt,949,3,189.0
54,94085,Keiti Tätte,953,3,184.12
55,65489,Lauren Butler,912,11,166.58
56,34563,Sarah Hokom,947,6,163.75
57,79233,Cadence Burge,966,3,162.75
58,124064,Shelby Cowen,917,8,158.25
59,195550,Peyton Kohut,921,5,150.5
60,184609,Elva-Kate Preston,914,8,146.0
61,176243,Jordan Lynds,942,4,145.25
62,231650,Tailey Rowley,913,7,145.0
63,150057,Hailey Huber,939,2,141.0
64,130342,Chantel Budinsky,956,2,136.5
65,75029,Cynthia Ricciotti,923,7,132.08
66,101949,Ratana McMahon,885,8,129.75
67,308525,Saga Dahlstedt,924,3,127.5
68,140947,Nina Bennett,949,2,126.5
69,139109,Leah Tsinajinnie,926,7,116.0
70,176242,Morgan Lynds,934,4,115.75
71,164788,Alecia Hinkson,926,3,113.83
72,147050,Ali Smith,946,2,112.5
73,245306,Netta Leppäaho,948,2,105.75
74,178707,Joleigh Miller,938,2,102.0
75,58303,Sai Ananda,959,1,102.0
76,144791,Emily Yale,898,7,98.0
77,215439,Sheliemae Lai,946,3,92.0
78,140660,María Eldey Kristínardóttir,923,3,91.5
79,193215,Lexi Marx,930,3,85.25
80,60798,Madison Tomaino,923,3,83.5
81,35321,Sofie Björlycke,936,2,83.25
82,185057,Josefine Johansson,930,2,81.0
83,238187,Ann Deputy,924,3,80.25
84,196237,Kaire Tekku,923,2,78.75
85,39504,Zoe AnDyke,930,2,77.0
86,156259,Ella Tejler,901,3,73.5
87,131583,Hannah Lengel,953,1,66.0
88,133701,Nathalie Ortiz,908,3,64.25
89,158461,Shiru Liu,907,3,63.5
90,176481,Karissa Dedmon,921,2,59.0
91,179873,Jenny Larsson,917,2,54.0
92,173601,Marie Kielas,917,1,51.0
93,80935,Lindsey Maas,905,3,50.25
94,139387,Hanna Jansson,906,2,50.25
95,261058,Jessica Erickson,891,2,49.0
96,99441,Lykke Lorentzen,921,3,48.0
97,61990,Katka Boďová,916,1,48.0
98,105126,Aria Castruita,943,2,46.5
99,116694,Kristi Unt,925,1,45.0
100,128532,Maarja Soasepp,905,1,42.0
101,154098,Ariel Walker,927,2,40.25
102,74708,Casey Pennington,903,2,39.5
103,198721,Hannah Kellar,899,5,38.0
104,209432,Eden Fletcher,910,2,38.0
105,182450,Kajsa Wahl,891,2,36.75
106,96090,Sonja Laine,905,2,36.0
107,311218,Mina Alme,918,1,35.25
108,72635,Kersti Miller,890,1,34.5
109,149803,Candyce Boyce,894,1,33.0
110,222973,Martje Sumowski,913,2,33.0
111,170182,Rebecca Minnick,866,3,29.0
112,281626,Una Lokmane,885,1,28.5
113,278450,Brit Hamburg-Kiin,860,1,28.5
114,104814,Ellie Bryant,895,3,28.25
115,29947,Stephanie Vincent,927,1,28.0
116,217892,Katie Tews,901,1,25.5
117,108871,Brook Johnson,905,1,24.0
118,107297,Maria Liivamägi,857,3,24.0
119,240590,Amelia Saechao,877,1,24.0
120,121554,Elina Rydberg,901,2,23.25
121,132291,Ashley Phelps,907,3,23.0
122,82809,Alex von Stade,893,1,22.0
123,242116,Eva Lutsenko,931,1,21.75
124,106489,Anna Pinter,875,1,21.75
125,78232,Tiger Borth,899,1,21.0
126,219693,Anna Damberga,872,1,21.0
127,162735,Eden Fornoff,922,2,20.83
128,268900,Natalie Berg,883,1,19.5
129,254333,Jess Zilch,875,1,19.5
130,288014,Jordan Coomes,840,1,18.0
131,197689,Isabella Parker,874,1,18.0
132,151072,Jennifer Rice,895,2,18.0
133,279466,Gry Nagel,807,1,18.0
134,227315,Sarah Wadsworth,912,2,18.0
135,157471,Nid Ovathanasin,933,2,17.67
136,261216,Victoria Christensen,864,2,17.25
137,85189,Samantha Bonacci,870,1,16.5
138,147393,Sadie Shattuck,866,2,16.0
139,103743,Karen Martel,923,1,15.0
140,185627,Athena Cuevas,868,2,14.0
141,242331,Ida Kennmark,876,1,13.5
142,186629,Sanne Dalseth,872,1,13.5
143,245317,Sophi Stephenson,862,1,12.0
144,259972,Marion Mattsson,862,1,11.25
145,218760,Sarah Duran,869,1,11.0
146,228486,Stefani Ewell,866,1,10.0
147,97238,Jannicke Hjemli,875,1,9.75
148,166749,Mackenzie Morris,896,1,9.0
149,83376,Cassandra Lioi,890,1,8.0
150,35774,Camilla Jernberg,873,1,7.5
151,284553,Katherine Aydelott,872,2,6.0
152,186277,Kassandra Fog Wichmann,871,1,6.0
153,232666,Rebecka Hoppe,848,1,6.0
154,135383,Emma Arp,907,1,5.0
155,158385,Destyne Martinez,868,1,2.0
156,132627,Jenn Cazanov-Diggs,904,1,2.0
157,223975,Laura Tatiana Niño Carranza,876,1,2.0
158,32925,Lindsay Fish,888,1,2.0
159,128395,Michelle Saggboy,891,1,2.0
160,166082,Ashton Webberley,894,1,2.0
161,45407,Brittney Armentrout,860,1,2.0
162,222693,Tanisha Platero,876,1,2.0
163,87443,Andrea Cammack,878,1,2.0
164,69584,Danielle Weigandt,853,1,2.0
165,8803,Ruth Steele,867,1,2.0
166,178748,Kendyl Sullivan,873,1,2.0
167,297287,Marta Villa,860,1,2.0
168,210287,Mara Neal,859,1,2.0
169,161231,Sarah May,855,1,2.0
170,286978,Michelle Southworth,805,1,2.0
171,218779,Amanda Brightwell,832,1,2.0
172,245180,Chelsea Sutton,854,1,2.0
173,126226,Kati Chachere,828,1,2.0
174,96480,Tori Pasquin,831,1,2.0
175,209462,Erika Apple,840,1,2.0
176,167255,AK Kaestner,816,1,2.0
177,235368,Madalyn Payton,896,1,0.0
178,61144,Emily Beach,901,1,0.0
179,109337,Cathy Kuhn,856,1,0.0
180,102024,Danielle Keen,896,1,0.0
181,43995,Taylor Foth,900,1,0.0
182,66063,Ashlee Johnson,860,1,0.0
183,31041,Sheila Teves,883,1,0.0
184,179200,Jamie Williams,863,1,0.0
185,269838,Daisy Kelly,882,1,0.0
186,225016,Naomi Suyat,880,1,0.0
187,188837,JJ Sun,883,1,0.0
188,48199,Alison Blakeman,866,1,0.0
189,76009,Virginia Polkinghorne,885,1,0.0
190,221583,Evie Lou Ramey,901,1,0.0
