name,pdga_number,rating,current_rank,current_points,mean_final_points,mean_final_rank,p_top28_standings,p_top32,p_no1_seed
Gannon Buhr,75412,1063.0,1,2096.45,2519.8,1.0,1.0,1.0,1.0
Richard Wysocki,38008,1051.0,2,1525.44,1884.9,2.5,1.0,1.0,0.0
Calvin Heimburg,45971,1052.0,3,1486.45,1873.5,2.6,1.0,1.0,0.0
Isaac Robinson,50670,1047.0,4,1252.07,1589.8,4.4,1.0,1.0,0.0
Adam Hammes,57365,1037.0,5,1226.33,1451.5,5.8,1.0,1.0,0.0
Anthony Barela,44382,1041.0,6,1176.72,1443.5,5.9,1.0,1.0,0.0
Sullivan Tipton,78817,1039.0,7,1036.74,1286.7,8.6,1.0,1.0,0.0
Niklas Anttila,91249,1044.0,8,965.42,1300.4,8.4,1.0,1.0,0.0
Luke Taylor,102119,1037.0,9,928.01,1168.4,11.5,1.0,1.0,0.0
Gavin Babcock,80331,1038.0,10,914.61,1207.4,10.5,1.0,1.0,0.0
Eagle McMahon,37817,1045.0,11,909.51,1283.9,8.8,1.0,1.0,0.0
Ezra Robinson,50671,1038.0,12,815.11,1113.3,13.2,1.0,1.0,0.0
Cole Redalen,79748,1036.0,13,790.95,1077.9,14.3,1.0,1.0,0.0
Casey White,81739,1035.0,16,738.31,1024.4,16.4,0.9973,1.0,0.0
Silas Schultz,79047,1032.0,14,790.36,972.8,18.5,0.9973,1.0,0.0
Aaron Gossage,35449,1037.0,15,775.08,999.8,17.4,0.9959,1.0,0.0
Chris Dickerson,62467,1041.0,23,605.83,1052.7,15.5,0.9881,0.9983,0.0
Zachary Nash,101197,1033.0,19,703.08,978.2,18.5,0.9822,0.999,0.0
Kyle Klein,85132,1038.0,25,590.01,949.3,20.2,0.9099,0.9766,0.0
Raven Newsom,88212,1030.0,17,737.92,894.8,22.8,0.8929,0.9929,0.0
Andrew Marwede,75590,1038.0,26,576.5,927.2,21.4,0.862,0.9548,0.0
Jaden Rye,153363,1030.0,18,708.33,894.5,22.9,0.8587,0.9816,0.0
Bradley Williams,31644,1032.0,20,680.77,875.5,24.1,0.7829,0.9493,0.0
Joseph Anderson,122356,1031.0,21,649.56,854.2,25.5,0.6866,0.8972,0.0
Jesse Nieminen,58923,1031.0,22,620.17,847.6,25.9,0.6608,0.8839,0.0
Paul Krans,132521,1034.0,28,550.86,830.0,27.2,0.5613,0.7733,0.0
Corey Ellis,44512,1033.0,33,508.5,819.9,27.9,0.5225,0.7332,0.0
Mauri Villmann,107197,1042.0,32,513.67,805.3,28.9,0.4727,0.6735,0.0
Paul McBeth,27523,1046.0,70,230.11,778.3,31.0,0.409,0.5706,0.0
Paul Ulibarri,27171,1030.0,29,540.06,779.3,30.6,0.3513,0.5822,0.0
Jake Monn,98722,1030.0,24,597.32,779.4,30.6,0.3346,0.6013,0.0
Parker Welck,39491,1031.0,31,515.54,756.9,32.3,0.2791,0.4825,0.0
Väinö Mäkelä,59635,1033.0,36,485.62,739.8,33.5,0.2287,0.4117,0.0
Evan Smith,101574,1040.0,44,405.67,724.5,34.7,0.2266,0.3822,0.0
Austin Turner,54049,1030.0,34,504.47,721.6,34.8,0.1684,0.3346,0.0
Joel Freeman,69509,1040.0,45,405.61,706.7,35.9,0.1533,0.3028,0.0
Mason Ford,72844,1037.0,59,305.31,683.9,37.8,0.1471,0.2657,0.0
Braeden Sides,129963,1028.0,27,563.27,709.5,35.7,0.1072,0.2563,0.0
Matthew Orum,18330,1030.0,40,436.43,683.0,37.7,0.1045,0.2188,0.0
Simon Lizotte,8332,1031.0,38,462.72,677.0,38.1,0.0901,0.195,0.0
Jakub Semerád,91925,1028.0,30,526.5,686.3,37.4,0.0815,0.1929,0.0
Evan Scott,89394,1027.0,35,490.22,676.6,38.2,0.0746,0.1757,0.0
Lauri Lehtinen,82297,1036.0,43,407.18,624.8,42.3,0.0407,0.098,0.0
Albert Tamm,76669,1022.0,37,468.47,593.0,44.6,0.0067,0.0242,0.0
Harry Chace,131546,1026.0,42,407.75,553.0,48.2,0.0045,0.0152,0.0
Robert Burridge,96512,1024.0,41,426.49,558.6,47.6,0.0044,0.0152,0.0
Chandler Kramer,139228,1025.0,55,337.46,530.7,50.5,0.0037,0.012,0.0
Daniel Davidsson,76456,1035.0,64,285.67,488.2,55.2,0.0028,0.0089,0.0
Ty Love,89959,1023.0,48,361.83,526.9,50.7,0.002,0.008,0.0
Harper Thompson,60259,1025.0,47,366.36,511.6,52.3,0.0017,0.0062,0.0
Clay Edwards,91397,1021.0,39,443.19,549.3,48.3,0.0015,0.0066,0.0
Andrew Miranda,118426,1023.0,51,359.84,515.7,51.8,0.0013,0.0053,0.0
Ezra Aderhold,121715,1023.0,46,370.23,498.2,53.7,0.0008,0.0032,0.0
Eetu Tuominen,131056,1036.0,49,361.5,499.5,53.6,0.0006,0.0031,0.0
Elijah Bickel,94844,1023.0,56,325.24,475.7,56.2,0.0004,0.0018,0.0
Zach Arlinghaus,65266,1022.0,53,344.26,478.2,55.8,0.0004,0.0015,0.0
Jake Hebenheimer,43762,1018.0,52,359.26,486.3,54.8,0.0003,0.0011,0.0
Jonathan Borzick,119794,1032.0,79,162.17,354.5,69.8,0.0001,0.0007,0.0
Teemu Lampainen,107567,1025.0,58,313.83,425.9,62.0,0.0001,0.0006,0.0
Austen Bates,130724,1024.0,73,203.11,366.6,68.4,0.0001,0.0003,0.0
Andrew Presnell,63765,1029.0,76,184.67,340.7,71.3,0.0001,0.0003,0.0
Ryan Monn,144929,1019.0,54,341.86,451.9,58.8,0.0001,0.0004,0.0
Joona Heinänen,58926,1029.0,65,262.5,372.8,67.6,0.0001,0.0004,0.0
Levi Stout,118179,1020.0,68,242.13,370.7,68.1,0.0,0.0001,0.0
Cale Leiviska,24341,1037.0,127,53.83,283.8,82.1,0.0,0.0002,0.0
Gavin Phillips,119504,1017.0,60,299.41,422.4,62.3,0.0,0.0002,0.0
Noah Meintsma,56555,1023.0,71,229.77,325.6,72.8,0.0,0.0001,0.0
Garrett Gurthie,13864,1022.0,72,226.64,380.7,66.9,0.0,0.0002,0.0
James Conrad,17295,1018.0,50,360.03,451.5,58.7,0.0,0.0002,0.0
Colin Bryant,130709,1032.0,109,88.86,311.9,75.3,0.0,0.0002,0.0
Dallas Garber,138089,1018.0,63,290.44,402.0,64.8,0.0,0.0,0.0
Nestori Tuhkanen,110462,1026.0,69,233.5,331.0,72.3,0.0,0.0001,0.0
Luke Humphries,69424,1013.0,57,323.45,391.9,66.1,0.0,0.0,0.0
Calvin Lonnquist,145206,1017.0,61,298.3,395.6,65.5,0.0,0.0,0.0
Onni Ruusunen,131002,1031.0,62,297.16,393.9,65.5,0.0,0.0001,0.0
Rasmus Saukkoriipi,136325,1021.0,66,261.72,404.3,64.4,0.0,0.0001,0.0
Alden Harris,98091,1019.0,67,251.0,315.3,73.9,0.0,0.0,0.0
Maico Rimmel,75444,1022.0,74,193.2,230.2,84.1,0.0,0.0,0.0
Fritiof Fagergren,135125,1016.0,75,187.34,225.5,84.7,0.0,0.0,0.0
Miio Hämäläinen,201845,1020.0,77,175.8,207.0,88.0,0.0,0.0,0.0
Nathan Queen,68286,1023.0,78,170.17,311.0,74.5,0.0,0.0,0.0
Justus Sarvi,165010,1023.0,80,161.34,201.6,89.5,0.0,0.0,0.0
Bo McLaughlin,87143,1018.0,81,154.01,239.2,83.2,0.0,0.0,0.0
Jakub Knápek,68237,1023.0,82,145.5,216.9,87.4,0.0,0.0,0.0
Oiva Päivänsalo,157441,1015.0,83,144.58,165.0,96.6,0.0,0.0,0.0
Luke Samson,59419,1014.0,84,144.49,215.2,86.7,0.0,0.0,0.0
Nikola Arkko,199203,1018.0,85,135.38,161.8,98.3,0.0,0.0,0.0
Connor O'Reilly,99648,1012.0,86,133.22,191.7,90.8,0.0,0.0,0.0
Joey Temali,100818,995.0,87,130.59,142.3,103.4,0.0,0.0,0.0
Roland Kõur,108695,1022.0,88,129.5,166.7,98.3,0.0,0.0,0.0
Elias Luukkonen,106059,1012.0,89,128.51,144.2,104.0,0.0,0.0,0.0
Arvid Håkansson,119628,1016.0,90,128.36,166.5,97.6,0.0,0.0,0.0
Otto Mäkinen,159317,1021.0,91,126.2,185.7,93.9,0.0,0.0,0.0
Matthew Alexander,138103,1005.0,92,125.54,146.7,102.5,0.0,0.0,0.0
Matt Bell,48950,1015.0,93,122.04,152.6,102.1,0.0,0.0,0.0
Linus Carlsson,82098,1017.0,94,115.21,156.7,101.4,0.0,0.0,0.0
Rainers Balodis,158640,1024.0,95,114.71,191.8,93.7,0.0,0.0,0.0
Chris Clemons,50401,1015.0,96,110.97,196.5,90.6,0.0,0.0,0.0
Björn Marrandi,180865,1014.0,97,109.66,128.4,110.2,0.0,0.0,0.0
Hjalte Jensen,129061,1028.0,98,103.5,164.1,101.7,0.0,0.0,0.0
Jacob Courtis,56511,997.0,99,102.99,108.5,117.4,0.0,0.0,0.0
Luukas Rokkanen,64917,1014.0,100,100.9,117.3,114.5,0.0,0.0,0.0
Jesse Longenecker,149546,1024.0,101,100.67,225.2,86.9,0.0,0.0,0.0
Teemu Talikainen,155087,1010.0,102,100.0,109.9,117.1,0.0,0.0,0.0
Colten Montgomery,35876,1005.0,103,99.25,145.0,103.7,0.0,0.0,0.0
Hjalmar Fredriksson,116137,1016.0,104,99.0,135.3,108.5,0.0,0.0,0.0
Fredy Meza,100497,1022.0,105,97.65,159.8,102.2,0.0,0.0,0.0
Dennis Augustsson,98130,1017.0,106,97.16,135.4,108.7,0.0,0.0,0.0
Elias Gripler,79004,1013.0,107,92.3,94.2,122.8,0.0,0.0,0.0
Jacob Blair,52785,1004.0,108,92.26,128.4,109.8,0.0,0.0,0.0
Jeremy Koling,33705,1019.0,110,88.04,156.3,101.8,0.0,0.0,0.0
Eli Swansen,128050,994.0,111,87.5,100.1,120.5,0.0,0.0,0.0
Kevin Jones,41760,1012.0,112,81.83,148.0,103.7,0.0,0.0,0.0
Drew Gibson,48346,1024.0,113,73.33,124.2,114.2,0.0,0.0,0.0
Morten Kristiansen,111626,992.0,114,69.96,70.0,131.8,0.0,0.0,0.0
Elijah Rider Brandt,143853,1009.0,115,69.9,106.6,118.1,0.0,0.0,0.0
Miles Sayer,91543,1013.0,116,69.77,121.7,113.0,0.0,0.0,0.0
Daniel Perry,132195,1022.0,117,69.67,69.7,132.9,0.0,0.0,0.0
Gavin Bos,187956,1013.0,118,67.34,67.3,134.8,0.0,0.0,0.0
Wyatt Mahoney,89460,1023.0,119,65.67,179.4,97.8,0.0,0.0,0.0
Lucas Carmichael,151146,1007.0,120,63.5,122.2,112.4,0.0,0.0,0.0
Knut Valen Håland,35070,1001.0,121,63.5,63.5,137.6,0.0,0.0,0.0
Ian Krajna,48125,1015.0,122,61.83,61.8,139.3,0.0,0.0,0.0
J.J. Campbell,170839,1008.0,123,57.6,64.5,138.2,0.0,0.0,0.0
Anthony Anselmo,56579,1043.0,124,57.33,57.3,143.2,0.0,0.0,0.0
Emmanuel Torres,68986,1025.0,125,54.89,104.7,123.3,0.0,0.0,0.0
Øyvind Jarnes,41884,1012.0,126,54.63,54.6,146.0,0.0,0.0,0.0
Trevon Crowe,67172,998.0,128,53.66,76.3,130.1,0.0,0.0,0.0
Nick Robertson,127048,1010.0,129,53.0,61.8,141.3,0.0,0.0,0.0
Aviel Gomez,127492,1025.0,130,52.0,100.5,125.3,0.0,0.0,0.0
Ville Kivisilla,118552,1013.0,131,52.0,52.0,148.8,0.0,0.0,0.0
Noah Feil,242013,1011.0,132,50.34,50.3,150.6,0.0,0.0,0.0
Joni Peltonen,94872,1016.0,133,49.25,49.2,152.4,0.0,0.0,0.0
Jamie Kiep,68815,1018.0,134,49.21,71.5,137.8,0.0,0.0,0.0
Aapo Karhi,82562,1009.0,135,48.0,48.0,155.0,0.0,0.0,0.0
Nooa Hämäläinen,203340,1015.0,136,48.0,48.0,154.6,0.0,0.0,0.0
Zack Wysocki,61722,999.0,137,47.95,48.0,156.4,0.0,0.0,0.0
Max Ringbom,91175,1002.0,138,47.1,47.1,157.8,0.0,0.0,0.0
Nathan Sexton,18824,1019.0,139,46.67,91.5,125.7,0.0,0.0,0.0
Dustin Keegan,35187,1020.0,140,46.67,46.7,159.1,0.0,0.0,0.0
G.T. Hancock,49885,1024.0,141,46.33,89.4,131.5,0.0,0.0,0.0
Daniel Pfaff,98558,1013.0,142,44.67,44.7,161.5,0.0,0.0,0.0
Zane Letts,57544,1018.0,143,44.0,44.0,162.9,0.0,0.0,0.0
Hugo Fröjdlund,135258,1009.0,144,43.33,43.3,164.4,0.0,0.0,0.0
Samuel Hänninen,87964,998.0,145,43.22,43.2,165.5,0.0,0.0,0.0
Alexander Karanzas,204855,993.0,146,42.91,42.9,166.7,0.0,0.0,0.0
Henrik Haaland,174255,1013.0,147,42.5,42.5,168.0,0.0,0.0,0.0
Emerson Keith,47472,1026.0,148,42.33,94.2,131.9,0.0,0.0,0.0
Micah Groth,113179,1023.0,149,41.5,41.5,169.8,0.0,0.0,0.0
Cam Rico,28560,1010.0,150,40.33,60.8,144.7,0.0,0.0,0.0
Kyle Krieckhaus,154511,1021.0,151,40.11,117.2,117.3,0.0,0.0,0.0
Morten Brenna,79859,1007.0,152,39.0,39.0,172.6,0.0,0.0,0.0
Brandon Brown,87673,1013.0,153,38.43,57.7,149.6,0.0,0.0,0.0
Severi Saviniemi,80974,1003.0,154,36.91,36.9,175.1,0.0,0.0,0.0
Nikko Locastro,11534,1011.0,155,36.8,75.8,134.6,0.0,0.0,0.0
Nicholas Gill,33838,1013.0,156,36.76,68.2,141.8,0.0,0.0,0.0
Jan-Mikael Lampela,118097,1002.0,157,35.5,35.5,177.4,0.0,0.0,0.0
Logan Plake,76846,1007.0,158,35.0,46.9,160.7,0.0,0.0,0.0
Aidan Scott,99246,1025.0,159,34.83,119.1,119.4,0.0,0.0,0.0
Ben Holding,174343,981.0,160,33.37,37.2,175.1,0.0,0.0,0.0
Alexander Standal Borgersrud,182130,999.0,161,33.33,33.3,180.1,0.0,0.0,0.0
Jason Lawson,165807,1012.0,162,33.0,33.0,181.2,0.0,0.0,0.0
Jedd Berger,152206,1011.0,163,32.67,58.1,151.3,0.0,0.0,0.0
Mathias Villota,103114,1023.0,164,32.67,32.7,182.4,0.0,0.0,0.0
Eetu Salomäki,117593,1011.0,165,32.1,32.1,183.8,0.0,0.0,0.0
Matt Thompson,125969,1009.0,166,32.0,32.0,185.4,0.0,0.0,0.0
Arttu Rossi,228153,1001.0,167,32.0,32.0,185.4,0.0,0.0,0.0
Zach Melton,38631,994.0,168,31.76,48.7,158.4,0.0,0.0,0.0
Lucas Oberholtzer Hess,90439,1019.0,169,30.55,130.4,112.2,0.0,0.0,0.0
Ryan Mulder,111887,1010.0,170,29.83,29.8,188.6,0.0,0.0,0.0
Eric Oakley,53565,1004.0,171,29.53,42.7,168.3,0.0,0.0,0.0
Axel Olson,120743,1022.0,172,29.33,92.3,131.3,0.0,0.0,0.0
Logan Riding,74221,1004.0,173,28.67,28.7,190.3,0.0,0.0,0.0
Maximus Meyer,49865,999.0,174,28.66,28.7,191.4,0.0,0.0,0.0
Gillis MacDougall,124607,1007.0,175,28.33,56.1,150.9,0.0,0.0,0.0
Pekka Hyvönen,107079,1004.0,176,28.0,28.0,193.0,0.0,0.0,0.0
Kalle Ojala,91946,976.0,177,28.0,28.0,193.7,0.0,0.0,0.0
Gregg Barsby,15857,1022.0,178,27.97,150.4,106.7,0.0,0.0,0.0
Parker Austin,165881,1009.0,179,27.94,48.8,160.9,0.0,0.0,0.0
Colby Schefers,174519,986.0,180,27.67,27.7,195.5,0.0,0.0,0.0
James Collier,132972,994.0,181,27.07,27.1,196.7,0.0,0.0,0.0
Dylan Capaccioli,122655,1022.0,182,27.0,27.0,197.8,0.0,0.0,0.0
Scott Withers,38464,1025.0,183,26.33,26.3,199.9,0.0,0.0,0.0
Ville Parpala,110596,1012.0,184,26.33,26.3,199.7,0.0,0.0,0.0
Sylus Williams,131330,1013.0,185,26.0,37.9,180.5,0.0,0.0,0.0
Jarod O'Brien,92426,1006.0,186,24.8,34.0,182.2,0.0,0.0,0.0
Blake Houston,130941,1009.0,187,24.66,24.7,203.6,0.0,0.0,0.0
Isaiah Oliver,102591,1006.0,188,24.23,24.2,205.0,0.0,0.0,0.0
Blake Poland,100708,1019.0,189,23.9,23.9,206.9,0.0,0.0,0.0
Peter Lunde,72576,1015.0,190,23.51,23.5,208.2,0.0,0.0,0.0
Alan Vazquez,198236,1000.0,191,23.5,23.5,209.2,0.0,0.0,0.0
Tim Denna,65766,1008.0,192,22.67,22.7,210.9,0.0,0.0,0.0
Kalle Kela,178485,999.0,193,22.17,22.2,212.4,0.0,0.0,0.0
Sam DiCarlo,115742,1009.0,194,22.0,22.0,214.2,0.0,0.0,0.0
Cola Di Tullio,193478,1002.0,195,22.0,22.0,214.0,0.0,0.0,0.0
Nate Corder,44800,986.0,196,21.66,25.4,202.0,0.0,0.0,0.0
Tony Moe Reiss,47136,1013.0,197,21.33,21.3,216.1,0.0,0.0,0.0
Jared Stoll,68103,994.0,198,20.93,27.0,198.6,0.0,0.0,0.0
Jayden Torres,108560,1009.0,199,20.93,20.9,217.4,0.0,0.0,0.0
Maxime Tanghe,8399,1005.0,200,20.67,48.7,160.1,0.0,0.0,0.0
Ryan Jewell,180216,1003.0,201,20.67,24.3,208.7,0.0,0.0,0.0
Rasmus Lampela,137010,1022.0,202,20.0,20.0,220.6,0.0,0.0,0.0
Taaniel Mehine,177347,1011.0,203,20.0,20.0,220.3,0.0,0.0,0.0
TJ Reel,137836,1006.0,204,19.67,19.7,222.4,0.0,0.0,0.0
Noah Fiveash,99153,972.0,205,19.0,19.0,224.2,0.0,0.0,0.0
Ryan Bain,196731,1002.0,206,18.89,18.9,225.4,0.0,0.0,0.0
Paul Oman,34344,1024.0,207,18.5,84.5,141.9,0.0,0.0,0.0
Miro Ryhänen,176270,1012.0,208,18.0,18.0,228.2,0.0,0.0,0.0
Max Forsman,224293,1005.0,209,18.0,18.0,228.4,0.0,0.0,0.0
Julius Mølgaard,165751,1003.0,210,17.83,17.8,230.3,0.0,0.0,0.0
Hayden Carroll,124016,1006.0,211,17.67,34.2,185.7,0.0,0.0,0.0
Bennett Doemland,123741,994.0,212,17.09,18.1,228.1,0.0,0.0,0.0
Isak Andersson,123433,993.0,213,16.5,16.5,232.8,0.0,0.0,0.0
John Jones,43834,995.0,214,16.07,29.6,192.3,0.0,0.0,0.0
Eemil Lampela,119596,1006.0,215,15.8,15.8,235.4,0.0,0.0,0.0
Rasmus Koski,203331,990.0,216,15.8,15.8,235.4,0.0,0.0,0.0
Payton Mergen,239942,1000.0,217,15.47,22.1,215.1,0.0,0.0,0.0
Kirby Snyder,115165,1006.0,218,15.33,15.3,237.1,0.0,0.0,0.0
Gustav Dahlén,102051,1007.0,219,15.1,15.1,238.2,0.0,0.0,0.0
Hayden Frederiksen,205985,1006.0,220,15.0,15.0,240.3,0.0,0.0,0.0
Chris Reliford,163877,990.0,221,15.0,15.0,240.4,0.0,0.0,0.0
Halvard Solberg,235882,982.0,222,15.0,15.0,240.4,0.0,0.0,0.0
Ville Von Hertzen,211404,1007.0,223,14.75,14.8,242.6,0.0,0.0,0.0
Benjamin Callaway,39015,1021.0,224,14.71,66.7,154.0,0.0,0.0,0.0
Charles Peake,267928,982.0,225,14.67,14.7,243.6,0.0,0.0,0.0
Frank Smith,99092,1014.0,226,14.4,27.5,210.9,0.0,0.0,0.0
Houston Finch,258444,1004.0,227,14.22,14.2,245.1,0.0,0.0,0.0
Gavin Rathbun,60436,1022.0,228,14.0,14.0,246.7,0.0,0.0,0.0
Justin Rosak,98161,994.0,229,14.0,21.8,215.6,0.0,0.0,0.0
Matt Hammersten,81781,1016.0,230,13.5,13.5,248.3,0.0,0.0,0.0
Simon Crosby,80054,1002.0,231,13.33,13.3,250.0,0.0,0.0,0.0
Tristan Cook,167159,994.0,232,13.33,13.3,249.9,0.0,0.0,0.0
Thomas Canfield,103148,988.0,233,13.2,13.2,252.2,0.0,0.0,0.0
Axel Wernborg,162717,999.0,234,13.2,13.2,252.1,0.0,0.0,0.0
Sawyer Barlow,165190,1010.0,235,13.17,38.5,177.9,0.0,0.0,0.0
Lassi Kähäri,138760,988.0,236,12.71,12.7,255.7,0.0,0.0,0.0
Leevi Lähdesmäki,124993,997.0,237,12.71,12.7,255.5,0.0,0.0,0.0
Mika Laikko,116266,1000.0,238,12.71,12.7,255.5,0.0,0.0,0.0
Luca Nieminen,258499,1006.0,239,12.71,12.7,255.4,0.0,0.0,0.0
Ture Valtonen,101609,990.0,240,12.53,12.5,258.4,0.0,0.0,0.0
Joseph Carey,73855,988.0,241,12.33,12.3,260.1,0.0,0.0,0.0
Ryan Hahn,135358,990.0,242,12.33,12.3,260.0,0.0,0.0,0.0
Xaelen Nash,46192,1020.0,243,12.0,36.8,201.3,0.0,0.0,0.0
Owen Hamilton,197577,987.0,244,12.0,12.0,264.3,0.0,0.0,0.0
Ezra Hapner,25000,994.0,245,12.0,12.0,264.3,0.0,0.0,0.0
Edvard Espeset Hjemdal,158169,984.0,246,12.0,12.0,264.2,0.0,0.0,0.0
Mikael Hautala,108302,998.0,247,12.0,12.0,264.1,0.0,0.0,0.0
Jimi Tapanila,203005,983.0,248,12.0,12.0,264.1,0.0,0.0,0.0
Blær Örn Ásgeirsson,80554,998.0,249,11.83,11.8,267.7,0.0,0.0,0.0
Samuel Snider,128704,1003.0,250,11.67,11.7,268.8,0.0,0.0,0.0
Brandon Green,240431,1002.0,251,11.5,11.5,270.6,0.0,0.0,0.0
Abrahan Bahena,53558,1012.0,252,11.5,11.5,270.5,0.0,0.0,0.0
Alex Berg,65488,989.0,253,11.33,21.3,216.9,0.0,0.0,0.0
Colton Lawless,146679,1000.0,254,11.33,13.7,257.9,0.0,0.0,0.0
Dillon Spellman,103705,981.0,255,11.0,11.0,274.9,0.0,0.0,0.0
Ville Ahokas,53538,995.0,256,11.0,11.0,274.7,0.0,0.0,0.0
Evald Sandermoen Øwre,124269,989.0,257,11.0,11.0,274.7,0.0,0.0,0.0
Herman Bentzen Hinkel,113749,976.0,258,11.0,11.0,274.6,0.0,0.0,0.0
Nate Toutolmin,157945,993.0,259,10.67,10.7,278.6,0.0,0.0,0.0
Justin Mateo,165843,986.0,260,10.67,10.7,278.6,0.0,0.0,0.0
Tomáš Mozola,103693,993.0,261,10.67,11.6,272.3,0.0,0.0,0.0
Ricko Kokko,120749,1008.0,262,10.33,10.3,281.0,0.0,0.0,0.0
Bryson Little,181675,994.0,263,10.22,10.2,282.1,0.0,0.0,0.0
Thunder Schultz,56016,1009.0,264,10.0,10.0,286.4,0.0,0.0,0.0
Brenden Koontz,138655,980.0,265,10.0,10.0,286.5,0.0,0.0,0.0
Stanislaus Amann,87790,1003.0,266,10.0,10.0,286.3,0.0,0.0,0.0
Kaspar Kukk,138685,985.0,267,10.0,10.0,286.3,0.0,0.0,0.0
Florian Lingenhel,77589,1004.0,268,10.0,10.0,286.3,0.0,0.0,0.0
Holger Håkansson,119626,980.0,269,10.0,10.0,286.2,0.0,0.0,0.0
Bradley Baumgardner,253857,993.0,270,9.5,9.5,293.0,0.0,0.0,0.0
Oskari Krintilä,245642,996.0,271,9.5,9.5,292.9,0.0,0.0,0.0
Teo Huer,228600,974.0,272,9.5,9.5,292.9,0.0,0.0,0.0
Niilo Hyry,216148,1002.0,273,9.5,9.5,292.8,0.0,0.0,0.0
Henric Hagman,59769,1006.0,274,9.4,9.4,295.4,0.0,0.0,0.0
Reese Petersen,213243,1003.0,275,9.33,9.3,296.6,0.0,0.0,0.0
Nolan Ramser,90461,1004.0,276,9.0,9.0,299.3,0.0,0.0,0.0
Egert Hütt,130300,983.0,277,9.0,9.0,299.3,0.0,0.0,0.0
Niko Rättyä,52488,969.0,278,9.0,9.0,299.3,0.0,0.0,0.0
Rico Garcia,94883,1010.0,279,8.76,17.2,256.1,0.0,0.0,0.0
Jon Lynn,99462,991.0,280,8.67,8.7,303.2,0.0,0.0,0.0
Tuomas Pääkkönen,165222,987.0,281,8.67,8.7,303.2,0.0,0.0,0.0
Riku Gröhn,256251,988.0,282,8.67,8.7,303.1,0.0,0.0,0.0
Sias Elmore,57425,1005.0,283,8.44,13.0,275.4,0.0,0.0,0.0
Justin Bougher,24712,996.0,284,8.44,8.4,305.6,0.0,0.0,0.0
Martin Cronacher,229763,985.0,285,8.25,8.2,307.2,0.0,0.0,0.0
Chad Sherbert,61977,1008.0,286,8.0,8.0,313.1,0.0,0.0,0.0
Nick Doan,179847,1004.0,287,8.0,8.0,312.9,0.0,0.0,0.0
Ian Fredrickson,77821,1004.0,288,8.0,8.0,312.8,0.0,0.0,0.0
Guy Melms,146420,979.0,289,8.0,8.0,312.4,0.0,0.0,0.0
Samuel Aldrich,22055,990.0,290,8.0,8.0,312.3,0.0,0.0,0.0
Markus Saarepuu,129933,991.0,291,8.0,8.0,312.3,0.0,0.0,0.0
Espen Normann Paulsen,95645,974.0,292,8.0,8.0,312.4,0.0,0.0,0.0
Anthony Bodanza,210763,997.0,293,7.67,7.7,317.9,0.0,0.0,0.0
Eelis Immonen,278808,973.0,294,7.5,7.5,320.2,0.0,0.0,0.0
Rasmus Tuominen,104299,1000.0,295,7.5,7.5,320.2,0.0,0.0,0.0
Aapo Halmeenmäki,111228,996.0,296,7.5,7.5,320.1,0.0,0.0,0.0
Joshua Patin,56037,1008.0,297,7.33,7.3,322.5,0.0,0.0,0.0
Rienk Kan,89184,993.0,298,7.2,7.2,324.0,0.0,0.0,0.0
Randon Latta,51685,1001.0,299,7.0,9.8,303.3,0.0,0.0,0.0
Corbin Milchesky,153445,987.0,300,7.0,7.0,326.7,0.0,0.0,0.0
Renārs Strazdiņš,218832,968.0,301,7.0,7.0,326.7,0.0,0.0,0.0
Matias Mäntysaari,178318,994.0,302,7.0,7.0,326.7,0.0,0.0,0.0
Whit Stephenson,241573,1001.0,303,6.67,6.7,333.2,0.0,0.0,0.0
Jimmy Martinez,75178,997.0,304,6.67,6.7,333.2,0.0,0.0,0.0
David Hurley,195983,994.0,305,6.67,6.7,333.2,0.0,0.0,0.0
Michael Arauza,87267,989.0,306,6.67,6.7,333.2,0.0,0.0,0.0
Nolan Johnson,140561,987.0,307,6.67,6.7,333.1,0.0,0.0,0.0
Christian Dietrich,27984,1000.0,308,6.67,6.7,333.1,0.0,0.0,0.0
Max Anderson,86682,1000.0,309,6.67,6.7,333.2,0.0,0.0,0.0
Gavin King,134643,1002.0,310,6.67,6.7,333.0,0.0,0.0,0.0
John Ryan III,46920,988.0,311,6.66,11.0,279.6,0.0,0.0,0.0
Landen Carver,153211,986.0,312,6.33,6.3,339.0,0.0,0.0,0.0
Charles Peters,107518,996.0,313,6.33,6.3,338.9,0.0,0.0,0.0
Emil Karlsson,190064,992.0,314,6.33,6.3,338.9,0.0,0.0,0.0
Garrett D. Knox,150052,979.0,315,6.0,6.0,347.5,0.0,0.0,0.0
Abraham Johnson,144592,982.0,316,6.0,6.0,347.6,0.0,0.0,0.0
Thomas Helgesen,214285,973.0,317,6.0,6.0,348.0,0.0,0.0,0.0
Mikk Mõts,157065,992.0,318,6.0,6.0,348.0,0.0,0.0,0.0
Tõnis Soppe,112414,961.0,319,6.0,6.0,347.7,0.0,0.0,0.0
Mats-Eerik Tõhk,90740,991.0,320,6.0,6.0,347.4,0.0,0.0,0.0
Gaute Hauge,183472,942.0,321,6.0,6.0,347.3,0.0,0.0,0.0
Emile Barbe,57366,990.0,322,6.0,6.0,347.4,0.0,0.0,0.0
Herman Hatlo,123220,963.0,323,6.0,6.0,347.6,0.0,0.0,0.0
Jami Kuhanen,218376,968.0,324,6.0,6.0,347.7,0.0,0.0,0.0
Adrian Chevalier,104894,1005.0,325,5.78,10.4,312.1,0.0,0.0,0.0
Caleb Bruce,101944,1010.0,326,5.66,14.0,291.4,0.0,0.0,0.0
Logan Weiss,43210,989.0,327,5.5,5.5,356.4,0.0,0.0,0.0
Vilho Lamponen,284527,975.0,328,5.5,5.5,356.3,0.0,0.0,0.0
Nathaniel Johnson,138355,997.0,329,5.4,5.4,358.4,0.0,0.0,0.0
Isaac Heinen,44919,996.0,330,5.4,5.4,358.3,0.0,0.0,0.0
Marshall Blanks,56886,989.0,331,5.33,5.3,364.5,0.0,0.0,0.0
Noah Baker,86443,1011.0,332,5.33,5.3,364.6,0.0,0.0,0.0
Martin Evans,53839,977.0,333,5.33,5.3,364.7,0.0,0.0,0.0
Thomas Tomaselli,80904,1002.0,334,5.33,8.4,330.2,0.0,0.0,0.0
Andrew Bakken,261932,967.0,335,5.33,5.3,364.3,0.0,0.0,0.0
Aidan Guthrie,96832,994.0,336,5.33,14.2,269.4,0.0,0.0,0.0
Ryan Chesla,142224,993.0,337,5.33,5.3,364.4,0.0,0.0,0.0
Kieran Atkinson,185738,1000.0,338,5.33,5.3,364.6,0.0,0.0,0.0
Graham Fuller,196220,992.0,339,5.33,5.3,364.5,0.0,0.0,0.0
James Corder,139058,1004.0,340,5.33,9.4,322.9,0.0,0.0,0.0
Joshua Laronge,232235,991.0,341,5.33,5.3,364.4,0.0,0.0,0.0
Alex Anderson,51894,992.0,342,5.33,5.3,364.5,0.0,0.0,0.0
Connor King,180719,976.0,343,5.0,5.0,371.7,0.0,0.0,0.0
Gideon Drake,74465,996.0,344,5.0,5.0,371.6,0.0,0.0,0.0
Melker Molin,81376,969.0,345,5.0,5.0,371.6,0.0,0.0,0.0
Joni Luumi,92164,988.0,346,4.67,4.7,374.4,0.0,0.0,0.0
Micah Rousse,178069,983.0,347,4.5,4.5,376.0,0.0,0.0,0.0
Tobias Hjorteland Schjølberg,165236,992.0,348,4.5,4.5,376.0,0.0,0.0,0.0
Aidan Hosler,145729,999.0,349,4.22,12.6,277.3,0.0,0.0,0.0
Collin Thompson,107074,998.0,350,4.22,6.1,355.6,0.0,0.0,0.0
Henry Schlabach,188651,995.0,351,4.22,4.2,378.6,0.0,0.0,0.0
Sam Doebert,50685,1001.0,352,4.22,4.2,378.5,0.0,0.0,0.0
Arvid Hansson,176145,970.0,353,4.2,4.2,380.4,0.0,0.0,0.0
Wynn Coggin,155128,973.0,354,4.0,4.0,406.4,0.0,0.0,0.0
James Bennett,93274,980.0,355,4.0,4.0,406.4,0.0,0.0,0.0
Woods McCue,187773,978.0,356,4.0,4.0,406.5,0.0,0.0,0.0
Isaac Chance,198295,972.0,357,4.0,4.0,406.5,0.0,0.0,0.0
Jay Minton,145623,988.0,358,4.0,4.0,405.6,0.0,0.0,0.0
Mickey Welsh,166089,987.0,359,4.0,4.0,405.6,0.0,0.0,0.0
Damien Biegert,162020,1001.0,360,4.0,4.0,405.6,0.0,0.0,0.0
Evan Walker,190731,1027.0,361,4.0,90.7,145.9,0.0,0.0,0.0
Trevor Dominy,74823,999.0,362,4.0,6.1,372.8,0.0,0.0,0.0
Michael Williamson,66855,1006.0,363,4.0,4.0,406.6,0.0,0.0,0.0
Dustin Klein,165120,975.0,364,4.0,4.0,407.1,0.0,0.0,0.0
Eric Downing,77387,987.0,365,4.0,4.0,407.4,0.0,0.0,0.0
Peyton Mansell,135467,986.0,366,4.0,4.0,406.5,0.0,0.0,0.0
Adrian Zapata,64554,974.0,367,4.0,4.0,405.8,0.0,0.0,0.0
Landon Knight,47662,986.0,368,4.0,4.0,405.3,0.0,0.0,0.0
Henry Bente,137625,1006.0,369,4.0,4.0,405.2,0.0,0.0,0.0
Mick Walter,137957,966.0,370,4.0,4.0,404.0,0.0,0.0,0.0
Bill Kirk,99832,928.0,371,4.0,4.0,404.4,0.0,0.0,0.0
Michael Bueno,183213,969.0,372,4.0,4.0,404.8,0.0,0.0,0.0
Justin J-Roc Liddell,45319,978.0,373,4.0,4.0,404.8,0.0,0.0,0.0
Cody Kirkland,28198,1011.0,374,4.0,4.0,404.5,0.0,0.0,0.0
Perry Walker,187952,977.0,375,4.0,4.0,404.2,0.0,0.0,0.0
Matthew Lopez,218949,957.0,376,4.0,4.0,403.8,0.0,0.0,0.0
Yashua Xiong,255044,979.0,377,4.0,4.0,403.5,0.0,0.0,0.0
Jeffrey McCormick,116860,969.0,378,4.0,4.0,403.3,0.0,0.0,0.0
Caleb Joiner,102252,994.0,379,4.0,4.0,403.3,0.0,0.0,0.0
Taylor Coulam,89542,982.0,380,4.0,4.0,403.4,0.0,0.0,0.0
Shane Anderson,35798,993.0,381,4.0,4.9,388.0,0.0,0.0,0.0
Corey Dryden,29812,991.0,382,4.0,4.0,402.0,0.0,0.0,0.0
Sean Martin,111104,976.0,383,4.0,4.0,401.3,0.0,0.0,0.0
Henry Thoma,102180,979.0,384,4.0,4.0,401.1,0.0,0.0,0.0
Dylan Dietrich,193996,951.0,385,4.0,4.0,401.4,0.0,0.0,0.0
Rico Suigusaar,194937,956.0,386,4.0,4.0,400.3,0.0,0.0,0.0
Elias Nordberg,278842,968.0,387,4.0,4.0,399.0,0.0,0.0,0.0
Simo Luoma,72938,976.0,388,4.0,4.0,398.2,0.0,0.0,0.0
Taavi Suutari,130579,994.0,389,4.0,4.0,397.6,0.0,0.0,0.0
Jukka Tyni,76789,971.0,390,4.0,4.0,397.1,0.0,0.0,0.0
Jere Kukkurainen,80454,981.0,391,4.0,4.0,397.2,0.0,0.0,0.0
Gracen Lomelino,154255,992.0,392,4.0,4.0,396.6,0.0,0.0,0.0
Garry Patton,49643,1004.0,393,4.0,4.0,396.3,0.0,0.0,0.0
Josef Berg,95050,990.0,394,3.25,3.2,427.2,0.0,0.0,0.0
Olle Fröjdlund,135272,980.0,395,3.25,3.2,427.1,0.0,0.0,0.0
Matthew Brown,175222,983.0,396,3.0,3.0,440.3,0.0,0.0,0.0
John Fowler,6520,963.0,397,3.0,3.0,441.3,0.0,0.0,0.0
Owen McCall,120343,988.0,398,3.0,3.0,442.5,0.0,0.0,0.0
Hunter Embler,146950,981.0,399,3.0,3.0,443.6,0.0,0.0,0.0
Jasper Tyll,90585,990.0,400,3.0,3.0,443.6,0.0,0.0,0.0
Ryan Clark,121746,955.0,401,3.0,3.0,444.1,0.0,0.0,0.0
Calvin Pettigrew,31818,984.0,402,3.0,3.0,444.2,0.0,0.0,0.0
Christian Byars,117119,997.0,403,3.0,3.0,443.9,0.0,0.0,0.0
Stephen McLaren,148807,971.0,404,3.0,3.0,442.2,0.0,0.0,0.0
Paul Davidson,162085,972.0,405,3.0,3.0,441.2,0.0,0.0,0.0
Brendan Orwig,80347,975.0,406,3.0,3.0,440.3,0.0,0.0,0.0
Colby Jones,201809,977.0,407,3.0,3.0,439.5,0.0,0.0,0.0
Landon Brooks,83848,1007.0,408,3.0,3.0,439.0,0.0,0.0,0.0
Scott Adams,68481,999.0,409,3.0,3.0,438.6,0.0,0.0,0.0
Landis Nelson,255864,970.0,410,3.0,3.0,438.5,0.0,0.0,0.0
Alex Banning,165105,975.0,411,3.0,3.0,438.6,0.0,0.0,0.0
Toke Kyed,126320,991.0,412,3.0,3.0,439.0,0.0,0.0,0.0
Tobias Söderqvist,54111,989.0,413,3.0,3.0,439.9,0.0,0.0,0.0
Albin Widman,103830,971.0,414,3.0,3.0,441.8,0.0,0.0,0.0
Anton Bergqvist,266496,985.0,415,3.0,3.0,445.6,0.0,0.0,0.0
Silas Evald Wiwe,184512,998.0,416,3.0,3.0,449.3,0.0,0.0,0.0
Jakob Grøv,263901,976.0,417,3.0,3.0,451.8,0.0,0.0,0.0
Eeka Kölhi,155709,996.0,418,3.0,3.0,453.0,0.0,0.0,0.0
Matias Kanniainen,135018,989.0,419,3.0,3.0,453.1,0.0,0.0,0.0
Elmeri Laaksonen,180447,981.0,420,3.0,3.0,452.9,0.0,0.0,0.0
Urho Nuutinen,218377,995.0,421,3.0,3.0,453.7,0.0,0.0,0.0
Arttu Aaltonen,216551,983.0,422,3.0,3.0,455.0,0.0,0.0,0.0
Arttu Kurlin,245305,962.0,423,3.0,3.0,455.1,0.0,0.0,0.0
Henrik Punkari,179793,970.0,424,3.0,3.0,455.4,0.0,0.0,0.0
Daniel Kokunja,238482,962.0,425,3.0,3.0,455.2,0.0,0.0,0.0
Sean Sullivan,319725,949.0,426,2.67,2.7,466.9,0.0,0.0,0.0
Joshua Anthon,17946,1021.0,427,2.67,29.9,261.7,0.0,0.0,0.0
Brady Harbinson,150967,983.0,428,2.67,2.7,466.9,0.0,0.0,0.0
Joshua Miller,137902,994.0,429,2.67,2.7,466.9,0.0,0.0,0.0
Ethan Bishop,212280,1004.0,430,2.67,10.9,298.9,0.0,0.0,0.0
Dawson Snelling,45739,1018.0,431,2.67,21.1,244.9,0.0,0.0,0.0
Patrick Yu,127458,993.0,432,2.67,2.7,467.4,0.0,0.0,0.0
Kevin Fodrey,146804,1000.0,433,2.67,16.5,269.3,0.0,0.0,0.0
Carson Fowler,187860,989.0,434,2.67,2.7,467.6,0.0,0.0,0.0
Nick Robinson,60332,1000.0,435,2.67,2.7,467.6,0.0,0.0,0.0
tom shanley,77274,984.0,436,2.0,2.0,474.4,0.0,0.0,0.0
Håkon Kveseth,74569,983.0,437,2.0,2.0,474.1,0.0,0.0,0.0
Benjamin Appel,176644,980.0,438,1.33,1.3,486.6,0.0,0.0,0.0
Will Goeringer,72131,987.0,439,1.33,1.3,486.6,0.0,0.0,0.0
Chandler Whisenand,179094,984.0,440,1.33,1.3,486.6,0.0,0.0,0.0
Stephen Becker,122140,995.0,441,1.33,2.5,460.8,0.0,0.0,0.0
Tyler Peterson,177134,1002.0,442,1.33,1.3,486.9,0.0,0.0,0.0
Nick Reliford,157832,990.0,443,1.33,1.3,486.9,0.0,0.0,0.0
Matthew Henderson,156874,997.0,444,1.33,1.3,487.3,0.0,0.0,0.0
Isaiah Morgan,221781,988.0,445,1.33,1.3,487.7,0.0,0.0,0.0
Calvin Delamere,128278,1001.0,446,1.33,11.1,305.0,0.0,0.0,0.0
Brennan Voss,178811,965.0,447,1.33,1.3,489.1,0.0,0.0,0.0
Mark Jones,107056,972.0,448,1.33,1.3,489.6,0.0,0.0,0.0
Kayleb Gillmore,245013,949.0,449,1.33,1.3,489.9,0.0,0.0,0.0
Chase Farler,212370,976.0,450,1.33,1.3,490.6,0.0,0.0,0.0
Ian Rankin,259323,968.0,451,1.33,1.3,490.9,0.0,0.0,0.0
Dayne Zimmerman,127250,971.0,452,1.33,1.3,491.1,0.0,0.0,0.0
Hunter Stevens,269600,1001.0,453,0.0,0.0,659.0,0.0,0.0,0.0
Charlie Moore,78268,1005.0,454,0.0,4.6,511.7,0.0,0.0,0.0
Blake Wade,195174,974.0,455,0.0,0.0,657.5,0.0,0.0,0.0
Brian Dudney,46234,989.0,456,0.0,0.0,656.5,0.0,0.0,0.0
Blake Seddens,146928,991.0,457,0.0,0.0,655.5,0.0,0.0,0.0
Jackson McDonald,220532,975.0,458,0.0,0.0,654.5,0.0,0.0,0.0
Seth Talbott,114877,1016.0,459,0.0,0.0,653.5,0.0,0.0,0.0
Marcus Rodriguez,272448,970.0,460,0.0,0.0,652.5,0.0,0.0,0.0
Billy Engel,44458,990.0,461,0.0,0.0,651.5,0.0,0.0,0.0
Canaan Ramey,218762,975.0,462,0.0,0.0,650.5,0.0,0.0,0.0
Hatcher Mason,148126,1000.0,463,0.0,0.0,649.5,0.0,0.0,0.0
Gavin Ossenkop,60331,995.0,464,0.0,0.0,648.5,0.0,0.0,0.0
Tyler Schrock,71872,996.0,465,0.0,0.0,647.5,0.0,0.0,0.0
Judah Ramey,219899,980.0,466,0.0,0.0,646.5,0.0,0.0,0.0
Eli Ramey,194882,967.0,467,0.0,0.0,645.5,0.0,0.0,0.0
Kevin Harris,262097,989.0,468,0.0,0.0,627.6,0.0,0.0,0.0
Guthrie Timpanaro,200757,985.0,469,0.0,0.0,626.6,0.0,0.0,0.0
Simeon Davenport,158610,995.0,470,0.0,0.0,625.6,0.0,0.0,0.0
Asher Mueller,226898,972.0,471,0.0,0.0,624.6,0.0,0.0,0.0
Justin Merryman,54879,957.0,472,0.0,0.0,623.6,0.0,0.0,0.0
Jeffrey Korns,69287,961.0,473,0.0,0.0,622.6,0.0,0.0,0.0
Joshua Ianno,131072,979.0,474,0.0,0.0,621.6,0.0,0.0,0.0
Chris Runyan,93197,987.0,475,0.0,0.0,620.6,0.0,0.0,0.0
Kade Capps,168538,1003.0,476,0.0,0.0,619.6,0.0,0.0,0.0
Ryan Vincent,80907,1003.0,477,0.0,0.0,618.6,0.0,0.0,0.0
Jace Rittenhouse,242531,969.0,478,0.0,0.0,617.6,0.0,0.0,0.0
Dylan Bryant,214348,981.0,479,0.0,0.0,616.6,0.0,0.0,0.0
Josiah Davenport,158613,984.0,480,0.0,0.0,615.6,0.0,0.0,0.0
Luis Gonzalez,50760,964.0,481,0.0,0.0,614.6,0.0,0.0,0.0
Luke Long,264796,976.0,482,0.0,0.0,613.6,0.0,0.0,0.0
Brooks Haney,219458,964.0,483,0.0,0.0,612.6,0.0,0.0,0.0
Nick Fornek,41150,977.0,484,0.0,0.0,604.5,0.0,0.0,0.0
Tony Wienhold,218351,956.0,485,0.0,0.0,603.5,0.0,0.0,0.0
Gideon Davenport,158615,966.0,486,0.0,0.0,602.5,0.0,0.0,0.0
Darrien Payton,235369,945.0,487,0.0,0.0,601.5,0.0,0.0,0.0
Cory Eary,35695,930.0,488,0.0,0.0,600.5,0.0,0.0,0.0
Micah Mariano,24443,962.0,489,0.0,0.0,599.5,0.0,0.0,0.0
Deacon Guest,194635,968.0,490,0.0,0.0,598.5,0.0,0.0,0.0
Tristian Kellar,147394,951.0,491,0.0,0.0,597.5,0.0,0.0,0.0
Alan Marshall,59613,954.0,492,0.0,0.0,596.5,0.0,0.0,0.0
Ben Anderson,211189,963.0,493,0.0,0.0,595.5,0.0,0.0,0.0
Trevor Williamson,133499,961.0,494,0.0,0.0,594.5,0.0,0.0,0.0
Chris Nelson,78697,1021.0,495,0.0,0.0,593.5,0.0,0.0,0.0
Quinn Lawler,284609,997.0,496,0.0,0.0,592.5,0.0,0.0,0.0
Daniel Kitchens,117788,1002.0,497,0.0,0.0,591.5,0.0,0.0,0.0
Mattieo Little Mattieo Condoluci,197091,1012.0,498,0.0,0.0,590.5,0.0,0.0,0.0
Pierce Guderski,118795,997.0,499,0.0,0.0,589.5,0.0,0.0,0.0
Atticus Abraham,162722,1000.0,500,0.0,0.0,519.2,0.0,0.0,0.0
Carson Bursch,309736,978.0,501,0.0,0.0,518.2,0.0,0.0,0.0
Judah Hawkes,248473,973.0,502,0.0,0.0,517.2,0.0,0.0,0.0
Jesse Bickley,68357,1001.0,503,0.0,0.0,516.2,0.0,0.0,0.0
Spencer Stuart,31333,983.0,504,0.0,0.0,515.2,0.0,0.0,0.0
Timothy TenKley,215150,1001.0,505,0.0,0.0,514.2,0.0,0.0,0.0
Miguel Alvarado,61218,994.0,506,0.0,0.0,513.2,0.0,0.0,0.0
Jake Shelby,60667,972.0,507,0.0,0.0,512.2,0.0,0.0,0.0
Adam Alexander,156492,981.0,508,0.0,0.0,511.2,0.0,0.0,0.0
Asher Weideman,143900,988.0,509,0.0,0.0,510.2,0.0,0.0,0.0
Conor Dannis,99835,1000.0,510,0.0,0.0,509.2,0.0,0.0,0.0
Grant Yoder,199449,974.0,511,0.0,0.0,508.2,0.0,0.0,0.0
Eric Sebastian,235433,975.0,512,0.0,0.0,507.2,0.0,0.0,0.0
Jonathan Suyat,183802,970.0,513,0.0,0.0,506.2,0.0,0.0,0.0
Jacob Velasco,118010,989.0,514,0.0,0.0,505.2,0.0,0.0,0.0
Zachery Laycock,170193,983.0,515,0.0,0.0,504.2,0.0,0.0,0.0
Jake Baker,150600,954.0,516,0.0,0.0,535.2,0.0,0.0,0.0
Alex Mier,138269,984.0,517,0.0,0.0,534.2,0.0,0.0,0.0
Ricky Meadows,76505,971.0,518,0.0,0.0,533.2,0.0,0.0,0.0
Daniel Glass,101781,975.0,519,0.0,0.0,532.2,0.0,0.0,0.0
Tenor Bowden,80091,978.0,520,0.0,0.0,531.2,0.0,0.0,0.0
Derek Holzscherer,244370,966.0,521,0.0,0.0,530.2,0.0,0.0,0.0
Jack Dinsmore,139649,972.0,522,0.0,0.0,529.2,0.0,0.0,0.0
Travis Britt,208639,972.0,523,0.0,0.0,528.2,0.0,0.0,0.0
Andrew Yale,144790,970.0,524,0.0,0.0,527.2,0.0,0.0,0.0
Zachary Drinkall,141387,980.0,525,0.0,0.0,526.2,0.0,0.0,0.0
Brian Johnson,78108,986.0,526,0.0,0.0,525.2,0.0,0.0,0.0
Tre Carter,103676,978.0,527,0.0,0.0,524.2,0.0,0.0,0.0
Cole Cochran,189384,962.0,528,0.0,0.0,523.2,0.0,0.0,0.0
Shawn Barnett,18651,965.0,529,0.0,0.0,522.2,0.0,0.0,0.0
Hank Kirwan,9059,993.0,530,0.0,0.0,521.2,0.0,0.0,0.0
Brandon McNew,55820,964.0,531,0.0,0.0,520.2,0.0,0.0,0.0
Snorri Guðröðarson,86957,968.0,532,0.0,0.0,551.2,0.0,0.0,0.0
Murphy Dykstra,211719,967.0,533,0.0,0.0,550.2,0.0,0.0,0.0
Tyler Ahrens,88278,961.0,534,0.0,0.0,549.2,0.0,0.0,0.0
Phillip Raschkow,91134,957.0,535,0.0,0.0,548.2,0.0,0.0,0.0
Kaden Pearson,195780,960.0,536,0.0,0.0,547.2,0.0,0.0,0.0
Quinn Cochran,189385,967.0,537,0.0,0.0,546.2,0.0,0.0,0.0
Shade Harrison,92655,975.0,538,0.0,0.0,545.2,0.0,0.0,0.0
German Cuellar Rodriguez,226506,957.0,539,0.0,0.0,544.2,0.0,0.0,0.0
Nate Wallen,161137,955.0,540,0.0,0.0,543.2,0.0,0.0,0.0
Jeremy Ward,192715,961.0,541,0.0,0.0,542.2,0.0,0.0,0.0
John Crawford,211071,954.0,542,0.0,0.0,541.2,0.0,0.0,0.0
Tom Corella,65504,959.0,543,0.0,0.0,540.2,0.0,0.0,0.0
David Fielding,38160,949.0,544,0.0,0.0,539.2,0.0,0.0,0.0
Alexander McAbee,148260,951.0,545,0.0,0.0,538.2,0.0,0.0,0.0
Ray Illian,154616,933.0,546,0.0,0.0,537.2,0.0,0.0,0.0
Travis Bossio,200956,944.0,547,0.0,0.0,536.2,0.0,0.0,0.0
Kevin Kiefer III,97115,1020.0,548,0.0,24.6,311.9,0.0,0.0,0.0
Ryan Muizelaar,103366,1025.0,549,0.0,0.0,566.5,0.0,0.0,0.0
Joe Dorrell,268373,973.0,550,0.0,0.0,565.5,0.0,0.0,0.0
Charles Hemstock,194840,964.0,551,0.0,0.0,564.5,0.0,0.0,0.0
Logan Harpool,101319,1017.0,552,0.0,0.0,563.5,0.0,0.0,0.0
Isaiah Esquivel,77939,1005.0,553,0.0,0.0,562.5,0.0,0.0,0.0
Sam Howey,216359,990.0,554,0.0,0.0,561.5,0.0,0.0,0.0
Jasper Wirth,223025,997.0,555,0.0,0.0,560.5,0.0,0.0,0.0
Maximilian Gutierrez,106216,973.0,556,0.0,0.0,559.5,0.0,0.0,0.0
Greyson Lifto,195493,992.0,557,0.0,0.0,558.5,0.0,0.0,0.0
Kyle Divelbiss,104419,916.0,558,0.0,0.0,557.5,0.0,0.0,0.0
Jace Moore,218452,995.0,559,0.0,0.0,556.5,0.0,0.0,0.0
Spencer Pike,110319,958.0,560,0.0,0.0,555.5,0.0,0.0,0.0
Cade Kohlmeier,177319,971.0,561,0.0,0.0,554.5,0.0,0.0,0.0
Nicholas Theimer,225726,963.0,562,0.0,0.0,553.5,0.0,0.0,0.0
Douglas Nisly-Nagele,215202,973.0,563,0.0,0.0,552.5,0.0,0.0,0.0
Stephen Anderson,213910,969.0,564,0.0,0.0,582.7,0.0,0.0,0.0
Braxton Baker,165128,971.0,565,0.0,0.0,581.7,0.0,0.0,0.0
Stephen Penrod,152463,963.0,566,0.0,0.0,580.7,0.0,0.0,0.0
Christopher Brawn,228781,957.0,567,0.0,0.0,579.7,0.0,0.0,0.0
Henry Myos,227040,989.0,568,0.0,7.5,376.0,0.0,0.0,0.0
Nate Metzler,41220,1009.0,569,0.0,7.5,434.4,0.0,0.0,0.0
Chance Glover,112157,944.0,570,0.0,0.0,578.4,0.0,0.0,0.0
Gabe Standfast,270132,971.0,571,0.0,0.0,577.4,0.0,0.0,0.0
Justin Harp,108119,954.0,572,0.0,0.0,576.4,0.0,0.0,0.0
Gary Rivera,182823,959.0,573,0.0,0.0,575.4,0.0,0.0,0.0
Blaise Mosmeyer,133183,965.0,574,0.0,0.0,574.4,0.0,0.0,0.0
Micah Tatro,189041,988.0,575,0.0,0.0,573.4,0.0,0.0,0.0
Zak Stamm,106336,1002.0,576,0.0,0.0,572.4,0.0,0.0,0.0
Keehnan Ford,89334,989.0,577,0.0,0.0,571.4,0.0,0.0,0.0
Andrew Pyle,168049,981.0,578,0.0,0.0,570.4,0.0,0.0,0.0
Colby Koehn,100554,962.0,579,0.0,0.0,569.4,0.0,0.0,0.0
Tyler Fredlund,153741,969.0,580,0.0,0.0,600.2,0.0,0.0,0.0
Nathan Wickoren,223733,971.0,581,0.0,0.0,599.2,0.0,0.0,0.0
Tate Galloway,58367,972.0,582,0.0,0.0,598.2,0.0,0.0,0.0
Troy Smart,129319,976.0,583,0.0,0.0,597.2,0.0,0.0,0.0
Josh Taylor,78334,955.0,584,0.0,0.0,596.2,0.0,0.0,0.0
Ethan Richey,247794,939.0,585,0.0,0.0,595.2,0.0,0.0,0.0
Stephen Taylor,170272,925.0,586,0.0,0.0,594.2,0.0,0.0,0.0
Elijah Bryant,168952,854.0,587,0.0,0.0,593.2,0.0,0.0,0.0
Dallas Wrinkle,88370,984.0,588,0.0,0.0,592.2,0.0,0.0,0.0
Isaac Ghareeb,238254,973.0,589,0.0,0.0,591.2,0.0,0.0,0.0
Tomas Jeronimo,158812,977.0,590,0.0,0.0,590.2,0.0,0.0,0.0
Brock Tennyson,186647,992.0,591,0.0,0.0,589.2,0.0,0.0,0.0
Christopher Meyer,34453,981.0,592,0.0,0.0,588.2,0.0,0.0,0.0
Andrew Cogley,184699,976.0,593,0.0,0.0,587.2,0.0,0.0,0.0
Ryan Begley,84923,984.0,594,0.0,0.0,586.2,0.0,0.0,0.0
Andrew Fish,58320,1008.0,595,0.0,16.9,280.6,0.0,0.0,0.0
Avery Jenkins,7495,990.0,596,0.0,4.8,404.6,0.0,0.0,0.0
David Konoplev,134053,994.0,597,0.0,5.0,401.3,0.0,0.0,0.0
Donovan Stein,137733,1009.0,598,0.0,10.8,325.7,0.0,0.0,0.0
J Milly,235673,977.0,599,0.0,3.0,449.6,0.0,0.0,0.0
Jake Lauber,44782,990.0,600,0.0,4.3,416.8,0.0,0.0,0.0
James Stephenson,171880,997.0,601,0.0,5.8,388.7,0.0,0.0,0.0
Jamison Monroe,138791,975.0,602,0.0,2.9,453.4,0.0,0.0,0.0
Robert Johnson,143099,969.0,603,0.0,2.6,461.9,0.0,0.0,0.0
Bryce Harvey,46967,981.0,604,0.0,5.9,397.7,0.0,0.0,0.0
Carter Ahrens,88279,1030.0,605,0.0,114.8,137.2,0.0,0.0,0.0
Daniel Polk,27276,1002.0,606,0.0,11.4,334.5,0.0,0.0,0.0
Mitchell Privette,44938,1000.0,607,0.0,10.7,341.6,0.0,0.0,0.0
Robert Munoz,197229,983.0,608,0.0,3.1,449.6,0.0,0.0,0.0
Scott Stokely,3140,994.0,609,0.0,8.0,369.7,0.0,0.0,0.0
Shane O'Leary,176160,966.0,610,0.0,3.9,432.5,0.0,0.0,0.0
Stevie Frisch,123253,988.0,611,0.0,5.4,405.8,0.0,0.0,0.0
Thomas Gilbert,85850,1022.0,612,0.0,49.4,195.9,0.0,0.0,0.0
Alexander Krause,100061,1017.0,613,0.0,17.9,355.9,0.0,0.0,0.0
Amos Kauder,235458,1001.0,614,0.0,2.7,539.7,0.0,0.0,0.0
Andrew Martin,54302,1009.0,615,0.0,7.4,455.0,0.0,0.0,0.0
Andrew Zinck,189000,999.0,616,0.0,2.1,555.9,0.0,0.0,0.0
Blaz Petrovic,163272,969.0,617,0.0,0.0,633.1,0.0,0.0,0.0
Chandler Fry,25541,1005.0,618,0.0,4.6,498.6,0.0,0.0,0.0
Chris Kelley,206380,993.0,619,0.0,4.0,430.0,0.0,0.0,0.0
Connor Leaman,224626,997.0,620,0.0,1.6,569.1,0.0,0.0,0.0
Daniel Vasquez,258421,962.0,621,0.0,0.0,631.2,0.0,0.0,0.0
David Fleck,129332,1011.0,622,0.0,14.8,312.1,0.0,0.0,0.0
David Perry,116692,1022.0,623,0.0,29.9,295.9,0.0,0.0,0.0
Edgars Saulitis,161625,996.0,624,0.0,1.4,574.7,0.0,0.0,0.0
Ellert Georgsson,152023,993.0,625,0.0,0.9,591.2,0.0,0.0,0.0
Garett Everson,98164,1020.0,626,0.0,24.5,317.5,0.0,0.0,0.0
Giorgio Diena,216216,976.0,627,0.0,0.0,626.4,0.0,0.0,0.0
Guthrie Collins,147951,998.0,628,0.0,1.8,571.5,0.0,0.0,0.0
Herbert Grünsteidl,165234,952.0,629,0.0,0.0,643.8,0.0,0.0,0.0
Ian Burchett,60435,1010.0,630,0.0,8.3,445.8,0.0,0.0,0.0
Jacky Chen,128836,1019.0,631,0.0,22.1,332.1,0.0,0.0,0.0
Jaime Velasquez,251455,958.0,632,0.0,0.0,642.4,0.0,0.0,0.0
Jeremiah Kraus,38737,993.0,633,0.0,0.9,601.0,0.0,0.0,0.0
Joshua Bizzle,177435,1003.0,634,0.0,3.5,524.7,0.0,0.0,0.0
Karl Johan Nybo,28903,1003.0,635,0.0,3.6,523.6,0.0,0.0,0.0
Kyle Holt,118412,1014.0,636,0.0,13.0,394.6,0.0,0.0,0.0
Kyle Williams,40128,1002.0,637,0.0,3.1,532.6,0.0,0.0,0.0
Martin Hendel,39469,1015.0,638,0.0,14.6,381.0,0.0,0.0,0.0
Matias Kalaoja,80858,1016.0,639,0.0,16.2,367.8,0.0,0.0,0.0
Matt Doughten,166025,991.0,640,0.0,0.6,607.3,0.0,0.0,0.0
Michael Babbitt,86291,1008.0,641,0.0,6.6,466.6,0.0,0.0,0.0
Nathan Miske,126080,993.0,642,0.0,0.9,597.5,0.0,0.0,0.0
Nathaniel Weaver,118469,981.0,643,0.0,0.1,629.9,0.0,0.0,0.0
Nick Schultz,47589,999.0,644,0.0,2.1,466.1,0.0,0.0,0.0
Oskar Żuchliński,210677,991.0,645,0.0,0.6,490.3,0.0,0.0,0.0
Ross Kimbrell,218255,992.0,646,0.0,0.7,487.4,0.0,0.0,0.0
Sam Smigiel,37009,1007.0,647,0.0,5.8,418.5,0.0,0.0,0.0
Sander Bahnerth,29215,960.0,648,0.0,0.0,500.3,0.0,0.0,0.0
Tanner Boggs,140065,1007.0,649,0.0,12.3,319.9,0.0,0.0,0.0
Tee Vetne,62088,996.0,650,0.0,1.4,475.1,0.0,0.0,0.0
Thomas Earhart,54106,1023.0,651,0.0,33.0,271.6,0.0,0.0,0.0
Tim Alderson,182651,992.0,652,0.0,0.8,484.7,0.0,0.0,0.0
Tim Barham,53332,1019.0,653,0.0,22.1,310.0,0.0,0.0,0.0
Titus Davie,115713,1014.0,654,0.0,13.1,357.5,0.0,0.0,0.0
Tuomas Hyytiäinen,65715,1016.0,655,0.0,16.2,339.0,0.0,0.0,0.0
Tyler Hamilton,32492,986.0,656,0.0,0.3,492.2,0.0,0.0,0.0
Yehuda Shenvald,203055,945.0,657,0.0,0.0,496.2,0.0,0.0,0.0
ZACH PETERS,202561,1005.0,658,0.0,4.6,429.0,0.0,0.0,0.0
Kolten Patterson,117390,979.0,659,0.0,4.7,375.3,0.0,0.0,0.0
